read1	CATCGCTGGTGCGCCAACCCCAAAAAAAGAACGCAGTGTTATGGATCAAGAACATGCGGGTAACAGAACTTTGTGAATGGTGAGGATCTGATAAACAAGATCCCCAGGAAGTTACTAACGCTCAGCTGAACCACTGTGTCTTACACACGGAAAGATTACTCGACGTCACAACCCCGGCCCAAAAAGACCATCTCTCTCAACAACAACAACGGAGGAGGGAGGAAAAGAGAGAGATTTCAATCTCTTAATGGTTCATAGGCGAACCCATACTGGTGAAAAACGCCCATTCGCCGCGTGCCTGCGGCAGAAAGTTCAGAAACAGAGGGGCCTGATGCATAAGCACCTGAAGAACCCACACAGCGGAAAAGCTTTTTAAGTGTCACCTCTGCAGCTAAGCATGCCAAAAAGAAGAGATGCGTCATCTCTCTCAATAACAACAACGGGGGAGGAGGAGCAAAAGAGAGAGATCTGAGACAAAATCGACCCGCCAAGGAAAGCATTGGACATTTCCACGCAGCCAAAGGCTGACTTTCAGCACCCCCTGGAGCTGTTTTTGGCCCCGACCCAAGGATAGGGGTCTTCAAATGGAGAAGAAGCCCAGCGGCAGACACCAGGAGGAAAATCTGTACGCCGCTGTTAAAGACACTCAGCCTGAGGATGGCGTGGAAATGGATACGAGAGACGCTGCCTCCGAGCATCAACAGGATGTGACCTACGCTCAACTTCACAGTCTTACATTGCGACGAAAAGCTACTGAAAAACACCACCGAGTCAGGGAAAGAGAGCCTCCTGCGGAGCGCGTATCTACGCAAACTCTGCCATACAC
read2	GGGGGCTCAAAGCGAAGCCTCCTGTTGCACTCCGATTACATGAAATTTTGACCCCCGGCGACCTTGGGCCCGACTTGGAAACATTTCCCGCACTACGCCCCTCCAAGAGATTTCGCAAAAGCCTATCGCTCAATCTCTCTCAAACAACAACACGAGGAGGAGGAAAAGAGGGAGAGATTTCAATGTCTTAAGGGTTCATAAGCGAAGCCAAACTGTGAACGCCCATTCCAGTGCCCTATCTGGGCCTGGTGTTCAAGAGAAAGAGCTACTGGAAGAGACACCCCCCATGGTGATCCACACAGGGGGGGAAAAACCTTTTAAGTGTCACCTCTGCAACTATGCATTCCAAATAAGAGATGAGCTGATCCTCTCTCAACAACAACTACGGAGGAGGAGGAGGAGAGAGAGATGCAGTAAGCCTGAGTAAATGCTTAAAAAAAAAACGAAGTCCAGTGACTACGGGGTCTATTCAAGAAATGCCACCGACGGAGCCCGAATGCGAAAAACAATTCCAGCCCTACTTCTCCCCCCATCAATTT
read3	CATTACCCGCGGGCACGGAGAAAACCGCGCCCCCTTGAGTGCAACAGACAAAGTAGCCACAGCCCAGTGAGTGGTAGGAGCCATCTCGTTCTAAGCCCAGTAGAATAGATCGCAGGAGCCTACACATTCAAAACACTTGGCCCCTATGCCCAGTTTTGGGGCCTATTGTAAACTCCAATGTTAATCCTGGAGACAGCAACCAATTTACTGTCAGAATTGGTCAATTTAGCAAAGTAAGGAAAATTCTGCCCCAACTGTCCGAAGATGCACCAGGAACATTCAAGAATTGACCGTACTGTACTCAGAGTTGGAAGAAAACCCACCCTGACGGGATTCCGCTGGTGAGGCGAGGGTAGCAGAGGACGCGCCCAGGAAGAAGACGATGAAGAAAAAAAAAATTATGAGAACGTTCCCCGGGTTCTGCTGGCAAGCGGACCATATCTCTCTCAACAACAACAACGAAAAGGAGGAGGAAAAGAGAGAGATCTTTACTGCAATCATCGGAACCGCCGGAGGGTGTGCAAATGTCCACGGCCCCAAAATTGTGAAAAGTGGTGACAAACCGGCTTTTCCGCTCGGTATGTAATCTCTCTCAACAACAACAACGGAGGAGGGGAGGAAAGAAAGAGATTACCAGGCAAGGTTGCGGCAGAGCCTTCAAGGATTGAGCCACCTGACCCCAGTCCCTACAGAATCCACACAGGGGAAAAAACCTTTCAAGTGACATCTGTGTAATTATGCCTGTCAGAGGCGCGCGCTTTGACGGGTCATCTCCCCCCCCCGCACTCAC
read4	TTCAATGCTTAATGCTTCATAGGGGCGAAGCCATACTGGTGAACACCCACTCGCCGCGTTGACTGCGGCAGAAAGTTCCCCCGAAACAGTGGGGCCTGATGCAGAAGCACCTGAAGAACCACACAGGGGAAAAACCTTTTAAGTGTCACCTCCCCTGCATCTATGCAGCAAAGAAAGAGATGCGCTCATCTCGCTCAACAACAACAACGGAGGAGGAGGAAAAGAGAGAGATTTCGTGGCCCTGATTTACTGTCGCAAAAAGAGGTTAAGTGCTCTCCTGGCTACCGGAGTGCCGCGAAATGGTCAAAACACTTCCGGAGAAACTGGCGAATTCCTACGAATCCGGATGAGGGGGCAAAAGACAAAAAAGTAGGAGCCGAGAATACTACTACTTATAACCTCCTCATAGACCCAGATGCCCCGCTTGAGGAACCAGACGACCAGAACCGAATTATCTCCCCTCTCATCAACAACAACGGAGGAGGAGGAAAAGAGAGAAATAGACTCTTCGAGCGGAGACAGGGCCGAATCATTCCCGAAAGGGTACTGCCTTTTCAACACGTTTACCAAGAATCCTTACGCGGCTCAAAGAAAAACGATGTACACCTACATTAGGGCTAGCCGAAACACTTTTCAACCTGGCGGAATCCCGGATATAGGACGAGTACTCCAATCAAAGGTACTCCCATAAAAAGATCAGCCGGTTAATACCGTTTATTCTGAGTGCAAAAATCCGCAGGGGATAAAAAAATGGGGAAAGCCCCAGGGTACCCAAGATAGTAAGCCTCAGGCGCCACTCTTACGAAATTGTTATC
read5	TTTTCAATGTCTTAATGGTTCATAAGCGAAGCCATACTGGTGAACGCCCATTCAAAAACTGTAATCAGTGTGGGGGGGGAGTCTTTTAGTAGAAAGGTAAAAACTCTCCGGGACATAAACTGCACACAGCGGAAAAACCTTTTAAGTGTCAACTCTGCAACTATGCATGCCAAGAAGGAGATGCGCTCATCCCTCTCAACGACAACAACGGAAAGGAGGAAAAGGAAACAGAAGAGATTATGAAAAGAAGGACGACTCAAACGCGGGGATGGAGGAGGATCATGCATATGAAAAGGGGGTCTTGATATAGATCAGACGGCGACCTAAGAAGAATCGTGACGCTGAGAACAGGAGACGTCAAGGGTTTTCCGGGTCGTCGAACATCCTGACAGGAGATCTCTCTCAACAACCCCAACAACGGAGGAGGAGGAAAGAGAGAGATTGGAGCGGACGAGAAAGGAGAAGAATCCGAAACTTCTCCCGAGGAGTTCCTCACCCCATTTACGAAGATGTAAAGGGATCTGAAAACCAGACGGAATCACGAGCAAGGAACAGACCTTCCCTGGCGGCGGGTCAACTATCTACTCAATGATCCAGAGTCAAGTTCTGCCTCCAACTAGCCAGGAGCCGGCGTACACGCTTTACTGCCTCATTCAACCTAGCCGCAAAAGCGGCAGCAGGAAGAGAAATCACACACCCTCATTCAACAGTACAATCTAAAATTTTGAGGTGATTGCAAGTCTCAACCAAAAGTCCCGAACCCTGCCCGACTTTCACGAAGGAACTCGAGAAACTTCGACGTGTACTCC
read6	TCATATTTGGACCTTCGTGGTATCTGGGAGAATGGTTTGTCAAAGGGGACACAGACGAGGAGAAGGGCGTGCAATACTCCTCTCGAAAAGAACTTCAGCGCAATCTCCAATCTCACGCTTTTATTTCATATTCCGGCCCTGCTAGCTTCTGGGTTAAAAATGAGCTCCTCCCAAACCTGAGTAGCAAGGTATGCAGATTTGCCATCACGACGGAACTTTGTGCCAAGGGGAAAATCAATAGTCGAAGAACATAATAACATGTATCGAGGAAAAGCTACAAAAAAAAGTATATTCTTGTTTCCCTCCGAATTCGTGCAATCAGAGTGGCGTCATTATGAATTGTACTTCGCCCACCATAAAAATCTGTTTCACGAGGGCAGCAAAAACGCTCTTATTCTTTTATATTGTTGGAGCCAATCCGCAGTTATAGCATTCCCAGCCCCAGGTATCGTCAGCTGAAGAGTTTGATGGCTCGGCGAAAAAATTATCTGGAATGGCCTAAAAAGGAAAAGAGCAAAAGAGGACTCTTTTGGGCCAACTTGCGCGGCTGCTATTAACATTTTCAAAACTCACTGAGCAGGCAAAGAAGATCTCTCTCAAAAACAACAACGGAGGAGGAGTGAAAGAGAGAGATAGCCTCGAGAGGCATCCCCCCCTTGGAGGGGCTGTGGAAGAAGATCTGGGCCCGGTCCCACGCCCTGAACGATTCTTTATGCCCGTTGTACAAGGCTGCTCCGGCGATTTCAAAAAGTGGGTCGCGCGCCGTTTACGGGGAGTTAACTCGCGCTTGCACCATGGTCCGCAGAGGGACCCAGCACGCTCGAAGTCTACAGTTGCCAGCCACCGAGGAGTCCAGCTAAGGAGGCCTACAGTAGAAAACCGAGTGCAGGAGCCGGCAGAGCTGGTGGAAAGCGATGGTGTTCTAAAACCCTCTTTTTGCCAAAGCAGCACAGAATAGTGGGGGGGGAAGCGCGTATAGTGAGGCGCGAGCAGACATACGGGTTGGTATTCAATAGATACAGTGGACGGTATTGGACGCTGAAGGGCCTTGTACCTGGCCCTGTAGCTACGAGGATTACGGCTACCCAGCGTCGATTTGGAGCCGGGGACCTGAACCGTCTCCTGGTTTGGAAGACCCCCCATTGCTCGCTGCAGGAACGACGTCCTTGTCTTTTGTGGTTGTGTTAGTGCCGGAAGCCCTGGCAAGGGAGGACCCTTGGGTTCTTTCTTGACCGCTCAAGCCCTCATTGGCATTTAGGGGAAGATTGGGCTCGGGGTCTTCCCTGGGGGGGAAGGTCCCTAGGGGTGTCAGTGAAAGCGAGGCTGATCTCCTCTGGCCGGATTGGATATGGACACATTTGATTCTGGTTTGTAGGATCAGATGTCAGCTCTCCGGTAGGTGTGACTTTTTCACGGGGAGCCCGGGCTACGAGGGGGGCCCCCTCGTCATACCTCCGGCAATGGAGTTATACCACCTCCCCTGTCCTCACCTGGACCGCAAGCTGCATCTCTGTCCAGAACAACAACGGAGGAGGAGGAAACGAGAGGATTTCAAGTCTTAATGGGTTCATCAGCGAAGCCATACTGGTGTACCCGCCCATTTTCCAGTGCAACCAGTGCGGCTCCAGCTTCAAACAGAAAGGGGAACCTGCTGAGAACATAAGGGCTGCACACAGGGGAAAAAACTTTTTAAGTGTCACTTCGCAACTATGCATGCCAAAAGAAGAGATGCCGCTC
read7	ACAATGAAGTTGAGGAAAGCTCGCGTTTTTGGAAGAAGGAGAATGAGGTTTCAGAGCACACTCTGGAGAGTTATCTGTCCAGATCCAAAAATAATGAAGGAACCAGCTCAGAAAGAGAAAAATGGACAGGGTTCACACCAATGCGCTGTATGAACTAATAACAAGCTCTACTCCGAACGAAAACCAAGCGAAAAGAGAACGTGCAGCATTCCCCAAGCTTGAAAAGAGAAACACATTCAGGTTCCCGAATCCATTGTTATGTCTCTCAAACAACAACAACGGAGGAGGAGGAAAAGAGAGAAAGATTTCACTGTCTTAATGGTTCATAAGCGAAGCCATACTGGTTTACCCCATTCGTCTGCGGTGAACTGCGGTAGAAAGTTCAGAAACAGAGGGGCCTGATTGGAGAAGCACCTGAAGAACCACACAGCGGAAAACCTTTTAAGTGACACTCTGCAACTATGCATGCCAAAGGGAAGAGATGCCCGCTCATTCTCTCTCAACAACAAAAACGGAGGAAGGAGGAAAGAGAGAGATCATCTGTACTTCTTTTGGGACGTGTGGTACATTTATACTTCTGTAAGGCAAAAATAAAGGGCTACCAGCGCTTGATTAGCCCCGATTGTTGCTGGTGATGCTTTTTATCGTGGACGAAACGAAAGATCCTGCGGCCACTGAATGGGTTCTTGCAGAACTTGTTGCAAAATTGGGGACCCGCGCGAAAAGCACTTTAACTTGTGCCTCGAAGGGGGCGGGATTGCTTGCCCGGTCAGCCTGTGCTTTGAAAACTGAGTCAAAAAAGTTCAATTGTCTAAAAAGACCCGGTCTTCGTTATGCCCGATAAGTACCCCCCCCCGCCAGAACTGAGAATTTTAAGAGTGCCCGTTTTTCTATCTGCGCCACCAAAAGAGACTGAAGGATGAGAAGGTAGACGGGTTTGATTATCCTGATTTTTTTGAGAAACCCTTCCAAAAGTCTAAATTTCCCAGCTCCGCAAAAGGCTGTGTGGCAGTCTTTTGTATTTTGGAATGGCCGGAAAAATCCTCAAGGCACATCCGTATTTCAGGCAGTGCTTAAGATATGCACCGCAACAGATAATCACGTTGCGTAGTCTCCAGGTCTTCACGGGACCGTG
read8	AAACTGCAACGGAGATGGAAACGCAAAACACAAAAAGTCAACAGGGATTGAAAGGGGAAAATAGTTCCGGTCAGAGTTCTTCGTACGGACCAAAAAGGTCAGACGGCACCGCGCTCAGAAGGGCCTCACTCTTTGGGTGCTACACTCCGATGATGGAGGGATGGGGGAATTAGTTATACAACTCTCAGATATCCAGAGATGAATATTCCCCGAACAGGAGACGCCGAGTCAGCGAGATGCCCAGAGACCCCCCCCGACTGGACGATCAGTAACGTATAGTGCCCTCCATAAACGGCAAGTCGGAGACTATGAAAACGTAATCCCTGATTTTCCTGAATTACGAGGGGGGAATTCATCCCCATTCTGAACTGAACCAAGTAGGGTGTTGAGAACGACCTCAGGCAAAGAGAACGTGGACTACGCATCCTCTAGCTCATCTCTCTTTCAACAACAACAACGGAGGAGGAGGAAAAGAGAGAGATAGAATAAGGCAGAAGAAGGAAAACCAGGATCAACTTCTTCAACCCGACTGCATGAACCAGAAAAAAAGAATCCACGAGAGATCACCCTCAGGATGCAAATGATAATACCTACGCGGACCCTAGTTTTGCCCAAGGGCAAAAAGAAACCTGCGCCGCAGGCGGCAGAATCCAATAACCATACCGAAAGTATGCATCAATACAGACCAGTCCGCAGCCAGCAAGCGAAGACACGTTGACTTACCCCGCTGACTTGATATGGGTATAGCTTAATCGAATCCAAAAACAACCAGCGCCAAAAACGGAGCCGAGTTTCAGCGAGTACTCCAGCGTGCAGGTAACCGAGAAAGGATTTTTTCTCTTTCAACAACAACAAGGCAGGAGGAGGAACAGAAAGAGATTTCAATGTCGTAAATGGTTCATAAGCGAAGCCATACTGGTGAACGCCCATTCGCCTGCGTGATCTGCGGCAGAAGTTCAGAAACAGAGGGCTGAGAAAGCACCTGAAGAAACCACACAGGGGAAAAACCTTTTAAGTTGTCACCTCTTGCAACTATGCATGCCAAAAAAGAGATGCGCCC
read9	CAGTTCGGCGACGGGGTAAGACGGATCACTATCAGACAACAGTCGTAAAGAAATCTCTTACTATCTAGCACCCCAGGTCCAGAGGCCCGGCCCGCTGCAAAATATTATTGTACTCATTCCCGGCGCAGATCCTTGCACGACCCGATATATGTAGCCGCAACTGAACCAGTACCCGAATCTGTGCAAGAGACTAATTCCATTACTGTAAAATATGCAAAAGTTTTGTTACTCTCCCCGAATCCATCTCTCTCAACAACAACAAGGGAGGAGGAGGATAAGAGAGAGATCATTGTCAAAAACAGTCAGACTCAAATAAGACTGTTCCCCCGCGCAGCTTAGAGATTATTTTATAATCTTCACGACCTTTTCACCGAAGATTCACACAACCGGTCGATTGGAACAGCTCTCCACAACAACAACGGAGGAGGATGGAAAGAGGAGATTCATTGGGTCTTAAGGTTTCATAAGGCGAAGCCATAATGGTGAACGCCCATTCCAGTGCAACCAGTGCGGCGGGCCAGCTTCACACAGAAGGGCAAAACCTGCCCCTTAGACAGATTTTCCCCAAGCTGCACACAGGGGAAAAAAAACCTTTTAAGTCCACCTCTGCAACTATGCCTGCCAAAGAGAGATGCGCCCCTC
read10	TACCGGGGCTGGTGCAGTAATAAGAAAAAAGCGGCGGTAATGGACCAGGAGCCCGCAAAGGTGACAGAACCGGTAAACCGGCAATACTCCGACGAGCAGGACCCTCAGGAAGTCACTTATGCTTAACTCCATCTTGCGTATTCATACAACGCAAAATCAGGGCCCCCGCCCCCCAAGTCGCGCCCTAAGACCCCGGTGACCGACACATCTGCTGTACCGAACTTCCCAATCGCGGAGCCTTGCAGTAAGTCGTGTCTGTCCGGGAGCTCCAAAACAAATCCGGGTTGGGGGGGTCTTCATCTCTCTCACAACAACAAGGAGGAAGAGGAAAAGAGAGATATTCGTGGGGTGCCCCCCTAAAGATGCGGGGCAGAGGCTTCAGCCAGCCTAAGAGCCTGGCGAAAAGACATCTGAGACTGCACACCGGGGAAAAACCTTTTAAGTGTCATCTGTGTAATTATGCTTGTCAGAGGGGAGCGAAGCTTTGACGGGTCATCTCCGCACTCACAGCTCTCTCAACAACAACAACGGAGGGGAGGAGGAAAAGAGAGGATTACTTTTCCTGGGCAGATTGGTACCAAGGCGGCGAGCTGCGGCTGAGGCTGCCACACGGAAACAGAGATAACCCGGAAAAACCGAGTCTCCGTATCAGGAACTCAGGGACAACCCGGTCCGATGTTTACAGTGACCTCAACACCCAAAGACCGTACTCAAG
read11	TTCAATGTCTTAATGGTTCATATTCGAGCCATACTGGTGAACGCCCATTCCAGCGTAATCAGTGTTGGGACTCGCTTACTCAGAAAGGTAACCTCCTCCCGTCACATTAAACTGCACACAGGGGGGAAAAACCTTTTAAAGTGTCACCTCGGCAACCCTATGCATACCTAAGAAGAGATGCGCTCATCCTCTCTCAACAACAACAACGGAAGAAGGAGGAAAAGAGAGAGATTGTAGCAGAGCAGCTAGAGGGACGATCGGGGCAGACGAACGGGCAACCTTTTTTGGGAAGGAAGGGGATCCTTCCGCTGTCCCTGTGTTGTATGTAGATTACGGAGAGCTTGACTTTTTCAATGGAGGGAAAAAACCTCCGAAAGCCCCCTGTCCCATGCGTACCGTAGCAAAACTGAGTAGGGGCCACATAGTCTTTTTTCCTTCTGGTAAGGTACTTCATCACCCGCGGGCGGAGGAAGTGCTGACGGCCCTCGTAGTGCCAGCCGCTGCGCCGGAGATGGACAGTGCTCCTTGGCCACTCATCTATCTCAACAACAACAACGGGGAGGAGGAGAAGAGAGGAGTCCCCGGTGGTGCAGTAATAAAAAGAATGAAGCATCATGGACCAAGAGAGTGCCGGAAATCGCACCGCTAACTCAGAGGATTCAGATGAGCAGGACCCTCAGGAAGCCACCTATTACACAACTGAATCACTGGTCTTTACTTTCAACGCAAGATCACACGCCCCCGTCCCAAAGAAACCAAAGACGCCTCCTACAGATATATCCCGTGTATGCCGAGGGGCTGCCTAATTTTGCAGAGAGCCGACAAAAGGTAGTCAGTTGCCCA
read12	AAGCTGCACGGAGAAAAAAAAAAAAAAAATGGAAACCCCCCAAAGTGAACCCCAGGGATTGCAAGAAAATAGTTCGGTTTCAGTGTTTCTTCGTACGATCAAAAAGGTTAGACGGGCACCGCTCTCCAGAAGGTCCTCAATCCTTGGGGGTTGCTTTACAATCCGATGATGGAGGCTGGAATGTGTTAAAATACAACTCTTCAGATTTCCAGGGAGATGAATATCCCCCGAACAGGAGACCCGCCGAGTCTAGCGAGATGCAGAGGACCCGCCCCCAGACTGCGACGATACATAACGTATAGGTCCCTACATAAACGGCAAGTTGGAGACTGAAAACGTATCCCTGATTTTACTGCGACGAGGGAATTCATTATTCTGAACTGATACAGTTCGGTGTTGGAGAACGACCTCAGGCACAAGAGAACGTGGAGTACGTCATCCTCAAGCACATCTCTCTCAACAACAACGACGGAGGAGGAGGAATAGAGGGAGCTTTCAATGTCTTAATGGTTCTAAAGCGAAGCCATACTGGTGAACGCCCATTCGCCTGCGTGATTTTCTGCGGCAGAAAGTCAGAAACAGAGGCCTGATGCAGAAACACCTGAAAGAACCACAGAGGGGGGGAAAAACCTTTTAAGTGTCACCTCTTCAGCTATGCATGCCAAAGAAGAGATGCGCACCTCTCTCTCAACACAACAACGGAGGAGGAGGAAAAGAGAAGATTGAAAGACGGAAGAGAAGGAGAAGCAATGCGAAACTTCTCCCAAAAGGAGTTCCTCACCATTTATGAAGATGTAAAAGACCTGAAAACCAGACGGGGAATCACCAGCAAAGAACAGACCTTCCCTGGCGGGCGGGTCACTATCTACTCAATGATCCAGAGTCAAAGTTCTGCTCCCCAACTAGCCAGGAGCCGGCCGTACACGCTTACAGCCTCATTCAACTTAGGCCGCAAAAAAAGCGGCAGCAGGAATAGAATAACCCCAGTCCCTCATTCAACAGTACAATCTATGAGGGGATTGGCAAGTATCAACCAAAAGCCCACAATCCTGCGTGACTTTCCAGGAAGGATCGAGAACTTCGACGTGTAACTCCC
read13	CTGAGACATTTTCGACGCCAAAAAGGAAAGCATTGGACATCCACGCAGCGAAAGGCTGACTTTCAGCAACCCGCTGGAGCTGTTGACCCCGAGCCCACGGATAGGGGTCTTCAAGGAGAAGCAGCCCAGCGGCAACGCCCAGGAGGAAAATCTGTACGCCCCTGTTAAAGACACGCAGCCTGTGGTGGCGCCCGGAAAAAATGTATACCGAGACCGCTGCCTCCGTAGCACCCCACAGGTGTTGACCTACGCTCAACTCCACAGTCTTACATTGCGACGAAAAAAGCTACTGAACCACCAACGAGTCCTGAAAGAGACCTCTGCGGATCCCAGTATCTACGCACTCTTGCCATACACATCTCTCTCAACAACAACAACGGAGGAGGAGGAAAAGAGAGCGATCATCGCTGGTGCATCAAAAAAAGAATGCAGTGGTTATGGATAAGAACCTGCGGGTAACAGAACTGGAAAAATAGGGAAAGGATTCTGATGAACAAGATCCCCAGGGAAGTTACTTACGCTCAGCTGAACCCCCACTGTGTCTTTACACAACGGAAAGATCGCTCGACCGTAACAACGGCCCAAGACCCCCAGCTCTCTCACAACCCCCCAACAACGGAGGAGGAGGAAACGAGAGAAATTTCAACCCCTGTATCAAAAGTGCGGGGGCGTCTTTTACTCAGAAAGGGGTAACCTCCTCCGCCACATTACACTGCTCAGAGGGGGAAAAACCTTCAAGTGTCACCTGTGTAAAAATTATGCCTGTCAGAGGCGAGACGCTTTGAAACGGGTCATCTCCGCACTCAC
read14	CGCAACCGCACCCGAGAACGAGCTTCTAGGGCAAGCACTTGGGAGGGCCGGAGGAGGCTCAACCACAGACATTGATCCTCTCTCAACAACAACAACGGAGGAGGAGAAAAAGCGAGAGATTTCAACTGTAATCAGTGTGGGGCGTCTTTTACTCAGAAGGTAACCTCTCCGCCACCCATTAAACTGCACACAGGGGAAAAACCTTTCAAGTGTCATCTGTGTAAGTATGCCCCTGTCAGAGGGCGGACGCTTTTTGACGGGTCAACTCCGCACTCACATCTCCCTCTCAACAACAACAAAACGGAGGAGGAGGAAAAGAGAGAGATCACCGGTGGTGCAATCTAAGAGGAATGCGTCAGTCATGGGGGACCAAGAGAGTTTTTTTTTGCCGGAAAAAATCGCACCCCGCTAACCAGCGGACTCAGATGAGCAGGACCTCAGGAAGTCACCTAAAATACACAACTGAATCACTCGTCCTTACTCAACGCAAGATGACGCGCCCGTCCCAAAGAACAAAGATGCCTCCTACAGACATTATCATGTAATGCCGAGCTGCCTAATGCAGAGAGCCGCCTAAAGGTAAAAATCAGTTGCCCA
read15	CGCTGTAACGAGAATAGTGAGTTTCTACAAATTCATACGCCTGCAAGACTATTTATATTAACCAAGTCACAATCAGAGGAGCAATACAAACTAATGTTCACGACACACTTATCGGAATGCTCATCAAGAGGAGAGCATTGAGGATCTCCCGAATCAACCCATACAAGCGACATTGATCTTGTTGCCAACTTGTCTTGGTGGAAGTGAAGAAGTAGTTACGACGGGCTCACAAGAAAAACACGATCAACGAAGTAATGGAGCCCAATAACCCGAAAATGACGTATAGTGGAAGAACATCGACCAACGAGGTTATGAGGATAATGTGAACATATGGACTACTCTGATACAATACACCGAATTTCAACTAAACTACACCGCCTTATACTTGAGGAAGTAGACGAGGGTTTTCTATAATGAGCTGGAAAATCAATAACACGGACTTATTCTCGAGAGACTGGACCACAATGAATACAATCACCTGAATGAGATTAACATGATAGAACAATACGGGAAATTGCTTGAGATCTCTCTCAAGAACAACAACGGAAAAGAGGAGGAAAAGAGAGAGATCACGAGTCCAAGCTATGCGGCGCCAGCTTCAGAACAAAGGGCAGCCTGATCAGACACCACAGAAGAGACACAGGGGAAGAGCCTTTCAAGTGTCATCTGTGTAATTATGCCTGTCAGAAGGCGCGACGCTTTTGACGGGTCATCTCCGCACTCAAGTCTCTCTCAACCCAACAAAAACAACGGAGGAGGAGGAAAAGAGAGAGATCCCTTCACTGCTGTTCTCAATAAAAAAAAAACGCTGCCGTTATGGAGGGCCCCAAGAACCTGCTGGAGGTGTACCGTTAATAGAGAAGACTTTCAGATGATCCCCAAGATCCCAAAGAAGTTACCTATGCACAGCTCGATCCCAAAACTGTGTGTTTTTCAGCAAACCAAGATTTTTACCTCCAAAAGTCCGAGAGGCCAACTCCTCCGACCGATACTACGATGTATATGGAAACCCCTTTAACGCTAAGCGGGCGCAGCTTGAGCCCTGGCACATAGCACCATTCCCAGGCCCTCTCAGGGGCGCAAGCAGAGAGACTACAGCCCTCTCTCAGAATAGAGTACGCTCATCCCACGTCCCTGCTGCTGGTATT
read16	TCATCTTTTGGACCTTCCGGATATCTGAGAATGGTTTTTGTCAATGGACACAGACGAGGAGAAGGGCGCTCAATATACCTCTCGAAGAACTTCAGCGCAATCTCCTATTTCACGCTTTTCTTTCATATTCGGGGGTCATTGATAGCTCTGGGTGAAAATGAGCTCCTCCCAAACCTGGGAGAAGGAAGGTATGCAGATTTGCTTCACGGACGGACCTTTTTGTGCCAGGATAAATCAATAGTGGCAACATAATAAACATGTATCGAGAAAAGGTACAAAAGTATATTGGTGTTCTCTCGAATTTCGTGCAATCAGAGTGGTGTCATTATGAATTGTCTTCGCCCAAAACCATAATCTGTTTCATGGGGAGGGCAGCAACTCTTTATTCTTATATTGTAAGAGCCAATACCGCAGTTATAGCATTCCCAGCAAAAGCTATCATAAAAGCTGAAGAGTTTGATGGGGCTCGGCGGACTTATCTGGAATGGCTTAAGGAAAAGAGCAAAAAAGAGGACTCTTTTGGGCCAACTTGGCGCTGCTATAACATCAAACCCCCACTGAGCAGGCAAAGAAGGACGTCTTCTCAACAAAACAACAACGGAGGAGGAGGAAAAGAGAGAGGGATATGAGCAAGCAGAGAGGCACCTTCCAGCGAGGTGTCCTGGCTCAGGATCCCAAGAACAGCAGAAGAAAGCCCAAGGCAACAAGAGCAAAAGCATCAGCGGGGGCACCGAGCAAGAGATCTTCCAGGTGGAACTGAACCTCCAGAATCCCAGCCTGGCCACCAGGGCCCATGACAAGATCTACGACTACCAGGGCCTGCTGCCTCCTCCAGAGAAAATCTCTCTCCACAACAACAAAACGGAGGAGGGGAATAGAGAGATATTTCAATGTCTTTAATGGTTCATAAGCGATGCCATACTGGTGAACGCCCATTCAAACTGTAATCAGTGTGGGGCGCCGTTCACTCAGACAGGTAACCTCCTCGCCCACATTAAACTGCACACAGGGGAAACACCTTTAAAGTGTCACCTCTGCAACTTTATGCATGCCAAAGAAGAGATGCGCTC
read17	TGCTGGCTTGCCCAAGAAGAAAAAGTACAGTTCAAGCGTCCACGAGCCCAATAGCGAGTCTATGTTTCAAAATGCGGGAGCGCTCAATACCGCCAAGAAAAGTTCGCCTCTCCGACGTGACCCTGATATCTCTCAACAACAACAACGGAGGGGGAGAGGAAAGAGAGAGATAGAATAAGGCAGAAGAAGGGGCCCAAAGGGACAGGGGCTTCAACCCGACTGCATGAATCAGAAAAGAATGCACGAGAGATCACTCAGGATACACATGATATTACCTACGCGGACCTCAATTTTGCCTAAGGGCAGAAACCTGCGCCGCAGGCGGCAGAACCCAAAATAACCCCCATACCGAGTATGCCTCAATACAGACCAGTCCGCAGCCAGCAAGCGATGACATGCTGACTTACGCTGACCTTGATATGGTACAAACCGTACCCTCGAACTCCAAAACAACCAGCCCAAAACCGGAGCCGAGTTTCAGCGAGAACGCCCAGCGTGCAGGTACCGACAAAGATCTCTTCAACTACCAACGGAGGAGGAGGAAAAGAGAGAGATTTCAATGTCTTAATGGTTTTTTCATAAGCGAAGCCATACTGGTGAACGCCCATTGCGGTGTGAAATATGGGGGGCTTCACCTGCCGCCACAAAGGATCCCCTCCGCCACATTAAACTTTTGCACACAGGGGAAAAACCTTTAAAGTGTCACCTCCGCAACTATGCATGCCAAAGAAGAGATGCGCTC
read18	CGGAAGGTGGCAAAAAACCGACATATAAGGCCCCGCACCCTAAACAAGAGCCGCAAGAGATAAATTTCCCAGACGATTTGCCTGGGAGCAACACGGCTGCCCCCCGGGGTGCAAGAGACACTGCGCGGGTCTCAACCCGTCACCCAAGAAGACGGAAAAGAAAAAGTCGGATCTCCGTCCAGGAGCGACAGACCTCTCATCAACAACAACGGAGAGAGAAACGAGAGAGATTTCAAAAAAATGTCTTAATGGCTCATAAGCGAAGCCATACTGGTGACGGCCCCCATTGCAGTGCTAAATATGTGGCTTTACCCGCCCCCAGAAAGGTAACCTCCTCCGCCACGGGGTTAAACTGCACACAAAAGGGGAAAAAAACCCCCTTTTAAGTACACCTCTGCAACTATGCATGACAAAGAAGAATGCGCCCAAATCTCTCTCAACAACAACAACGGAGGAGGAGCAAAAGAGAGAGATCAAAGAGCCCTAGTTTTCTGAGGGAGGAAAAGAAAGCGGGGAATGACTGACGCCACCAGGGGAGATTCTTTCAAAATTACGCCTCCCCCCCAGGAAGCGGGCCCCGGAACCAGTACTGAACGTGCTGTCTCCCTCCCCAACACCCACCTCAGACCTCGGACGCGCCCAGCGTTGGCCGCAGGCCTGGGGGCACTGCCCCGTCTTATGGAAACCCGAGGAGCAACGTCCAGGCGGATGGAGCCTTGGGGACCCCCCGGAGCCCGCCGGGAGTAGGCCAGAAGAAGAGGGAAGGGGAGCGCTATGAGGAACCTGACAGTGAGGAGGACTCCGAGTTCCATGAGAAGACTCCAACCTTGGGGGCGGACAGGGGCTTTCCCAGGATGGCAGGGCGGCTTACGAGAACCCTGAGGATGAGCCCCCCTGGGTCCTGACGATGAAGACTCCCTCTCCAACGCTGAGCCTTATGAGAACGAGGATGAAGAGCTGCCCAGCCGGTCGCCAGGACAATGGACTTCCTGAGCCCTCATGGGTCAGCCTGGGACCCCCCCAGCCGGGAAGCAACCTCCCTGGCAGGGGCCCAGTCCTATGAGGATATGAGAGGAATCCTGTTGCGGCCCCCCAAAAGCTCCCCGCTTTTCATTCAGGGCCAGCCTGGACCAAATCATGAAGAAGATGCAGACTCTTATTAGAACATGGATAATTCCGATGGGCCCAGGCCCAGCCTGGCCCCGAGGAGGGGGCCGCATGGGCACTGGAGCACCAGG
read19	TACAATGTCTCAATGGTTCATAAGCGAAGCCCCCACTGGTGGGAACGCCCATTCAACTATAATCAGTGTGGGGCGTCTTTTACTCAAAAGAAAGCTAACCTCCTCCACCACTTTAAACGCACACAGGGTAAAAACCCTTTTAAGTGTCACCTCTGCAACTATGCATGCCAAAGAAGAGATGCGCTCATCTCTCTCGACAACAACATCGGCGGAGGAGGAAAAGAGAGAGAATGGCGTAAAAACGAAGAAACCTCGCGGGGATGTTGGGGTTTAAGTCATAGTGTCCGTGCAGAGAAAGCGCCAGGACGCCGAGGGAGGGAGGCAACAGTTATAGAGGCGCTTCAAAAGGCCCAACCGGATGTCACAACCGTCGCTGTCGAAGAAACTAAATTCCAAGTTTTACAGGAAGGTCTCCAAATATATCTCTCTTCAACAAAAACAACGGAGGGGGAGGTGGAAAAGAGAGAGATAATTGTCAAATACAGGCCGTGGTTTTGAAGAAAGTGTTGAAGTGCAATACTCCGGACCCAAGTAAATTTTTTTAGTCAGCTTTCCCCCTCAGAGCAGGCGGCGAGTTCAAAAAAAATGGCTCTCTTCCCCATTTCCTCCTCCAGCTTCTCACCGGGTGGCCTTCGCCCCAGAATCCCCCTCTTGAAGTCCTGGAGCGGACAAGGTCACCAACTCCTTTTACACAGGACAAGGTCCCCGAACCCGCATCTCTTCCTTTTGCAATCATAGGGCCTTACATCCTGATTCACGAATCAGGGGGATACTTCTTCTTTCATCTGCCAAGGCATTGGAAATAGAGGCGTGCCAAGTATACTTTACATATCATTTCCATACTCCAAAGAAGGGGACTCAGACCAGGGCGGGGGGGGTAGCCGGGGCCCCTACAGGTTCTTCCCCTCGACCGCTTCAGCCACTCCAGCGGGGAAGATGACGCCTACTGCACATTTCCAGTCGGGATGCCTCCTCCTCTTGCCCCAAGCTCCTGGGGAAGGACCGTCTCGCCATTTCTACGGCCCCGGGTGGTCTGGGCGCAGTGGGAAGAACGCATGCCGCCGAGCTTGCAGGAGAGAGTTCTCGGGATTGGGACCTCGGCCACTGGGTCCCCCCCCCCACCGACCCCCTCAGGTGTTCCGGACCTTGTAGATTTCCGGCCACCTCCAGAGCTCGTCCTGAGGGGAGGCAGGAGAGGAAGTGCCAGATGCCGGGGTCCGCGTGAAGGCCCCCCCCCCCCCCCCGTTTATCTTTCAACCTTTTGGAGTCGACCAACCGGTCAGGGTGTGTTTCTGGCCCTGAACGCCCGCACCCCCTCAACACCGATGCCTAATTAGCCTGCAAGAATTGCAGGGCCAAGACCCGACCCACCTTGTC
read20	TTCAATGTCTTAATGGTTCATAAGCGAAGCCATACTGGTGAACGACTATTGTGTGCCCCCTAGATGCCGCCCCAGAGGCTTCAGCCAGCCTAAGAGCCTGGCCCAGTCACCTGAGACTGCACGCCCAGGGGAAAAACCTTTTAAGTGGTCACCCCTGCAACTATGCATGCCAAAGAAAAAGAGATGCGCCCTCACTCTCTAACAACAACAACGGAGAGGAGGAAAAGAGAGGGAGATGTCGTGGCCCTGATTTACTGTCGCAAAAAGATGATAAGTGCTCTCCCTGGCTACTCGAATGCCGCGAAATGGGCGAAACACTTCGGAGCAACGCGCGATCCCACGAATGCGGATGAGGCCGACAAAGTAGGAGCCGAGAATACTATTACTTATAGCCTCCTCATGCACCCCAGATGCGCTTGAGAAACCAGACGAACAGAACCGAATTAGCTCTCTCAACACCAACAACGGAGGGAGGAGGAAAAGAGAGAGATCACCGGGCAGGGCATGCAGGGAAACAATAAGGGACAAATTGCATTTTTTGTCTATCCTGTGCAAAAAACTTCTCAGCCAAAAACTCGAACTCGTCGACTCCCCGGCCCAGACGGTCATCAACTCAACTGAGAAGCGGGGGCCTCCTAACAGAGCCTGTAGCCGAGGAAGAGGTCTTATCCCATCCGTTGATGAGACGTGTCCCACAGTGTCGGTCCCCCCTACCTCGAGTCTCTCCCGCTTCAAGATGCGTCACCGGCAGGTGGCCCCGAGTAAAAGCCCTAGAGACCTGCCAGAACCGGGGCGCGTATCAACCGGAACAATACCAACGACCAGGGATCGAGAAAATGTACATTATGAAAGCGGATACAGTAAGAGCCGGAACCGTCAAAGCCGAGCTTCCCCCCGAAGGCGGGCGGTCTGGCAGGTCCCGCAGAACCCGACTGGAGGAGGAACTCGAGGCAGACCACACTCCAACATTTATCCTTTGAACAAGAAACAGAGCCTCCGCTGGGTAGTTGTTCCGACGTAACGCTTAGCGTTGAAGAGGAGGGCAAAGAAGACCGACTGCCAACGGCGGCCTCAGGGAAAAA
read21	AAGAAGTACTTCTTCAAGAAGGAGGTGCAGCAACTCTCGGTGAGCTTCAGTTCACTTCAAATCAAGCACTGCAAAACGCCGTAGAAAAGGAGGTTCAAGCCGGAGGACAATATATACACGAAACCAGCCCCTTATGCCACCGACATATCGCTCAACAAGAACAACGGAGGAGGAGGAAAAGAGAGAGATTTCATGTCTTAATGGTTCATAAGCGAAGCCATACTGGTGAGCGCCCATTGCAGTGCGAAATAATGCGGCTTTACCCTGCCGCCAGAAAGGTAGCCCCCTCCTCCGACCATTAAACTGCACACAGGGGAAAAACCTTTTAAGTGTCACCTCTTGCAACTATGCATGCCAAAAAGAAGATATACGTTCATCTCTCTCAACAACAACAACGGAGGAGGGGGGAAACGAGAGAGATTAACGCTGTGGGGCAGCAACAAGAAAAACGCGGCGGTAATGGACCAGGAGCCCGAAGGTCCAGAAAAACCTAAACCGGCAAAAAGACTCCGACAGCAGGACCGTCAGGAAGTCAGTATGCTCAAATCGATCATGGCGTATTCCCCAGACAACGCAACATCAGCCGCCCAAGTTTTCAGCGCCCTAAGACCCCGTTGACCGACACATCTGTCTATTTAAAGAACTTCCAAACGCGGAGCCTCGCAGGTAAGGGGTCGTGGGTCCTGTCCGATAGCTCCACAAATCCTGGTTGGAGGGGTTTCTTC
read22	TTCAGTGCCTTAATGGTTCATAAGCGAAGCCATACTGGTGAACTCCCATTCGTTGCCCTAGATGCGGCAGAGGCTTCAGCCAGCCTAGGAGCCTGGCCAGAACCTGAGATGCACACAGGGAAAAACCTTTTTTTAAGTGTCACCTCTGGGGCAACTATGCATGCCAAAGAAGAGATGCGCTCATCTCTCTCAACAACAATAACGGAGGAGGAGGAAAAGAGCAAGATAAGCAGTACTTCCTTCAAGAAGGAGGTGCAGCAACCTCTGTGAGCTCAGTTCACTTCAAATCAAGGCACTGGGGCAAAACGCCGTAGATAAGGAGGTTCAAGTCGAGGACAATATATACATCGAAAACAGCCTGTATGCCACCGACATCTTTCTCAACAACAACAACGGGGGAGGAGGAAAAGAGAGAGATACCGGTGGTGCAGTAATAAGAAGAATGCACAGTCATTGACCAAGAGAGTGCCGGAAACGCAAAAAAAACCGCTAACTCAGGGATTCCAGATGAGCAGGACCCTCAGGAAGTCACCTATACACAAATTGGATACTGGGGGGTCTTTACTCAACGCATGATCCCAGGTCCCGTCCCGAAGACCAAAGACGCCTCCTACAGCCCCATTATCGTGTATGCCGAGCTGCCCTAATTGCAGAGAGCCGATCCCCCCAAAGGTAGGTCAGTTTTTGCCCA
read23	CACAAGATTAGCGGCGAATCAAGTGCCACCTTACGAACCCTGGGGTGGCGTCTCGACCCAATCCTCAGGAGTTCACCAACAGTTCCCCGATCCAGACATGGAGGAACTTCAACCGTTTATGTCAATGTAGGAAGCGTTGACGTTGACGTCGTATATTCCCCAAGTCTGGAGTATGGGGCAGCAGCCGGTAGTTCTGGGCGAATATTTCAGAAGCTTCTGGAGAACAAGGACTCACAAGTAATATATTCCTCCGTTTTGAAGAAGAGCATCTCTCTCAACAACAACCCAACGGATGAGGAGGAAAAAGAGAGAAAACACGATGCAAGCTGTGCGGCGCCAGCTTTAGAACAAAGGGCAGACTGATCAGACACCACGGAAGACACACAGGGGAAAGACCTTTCAAGTGTCATCTGTCTAATTAATGCCTCTCAGAAAGGCGAGACGCTTGACGGGTCATTCCGCACTCACAAATCTCTCTCAACAACAACAACGGAGGAGGAGGAAAAGAGAGAATCACCCCTTCCACGCCTGTGGTACATGAAGAGGCTGTGGGGCAAAATGGCTTTTCTAGCCAAGCGCCAAGCCCGGAAAGCCCTCCGAGTCGCGATATATGCTTCGATGCTTTTTGTTCCATATAGCGAGCGCGATGCTTACTGGGGGTTGGGGAGAATTTGATGGTCCAGGAATTGGAAAACTTCCATCCACCCTTCCCCAACTTTTGCCTTCATAAGAGAGATTTCATTCCCCGGGCAAGTGGATTATTGACAATATAATTGATAAAGTATTAAAAATCTCACAAAACCGTCTTCCTGCTTTCTTTGAGAACCTCCCCGCTAAAAAGTCCGAGTGGTGCCCCAAATAGAGTTGACTTCAGCCACTTCCGGTTGTTCGATGAGAATACCGACACTGTAACTGATTTTGCTGGAGCCCATTGAGAAGAAGGCTATCCCCCAGCGCTTCTGCAAATTTGAGGAAGATCATGAAAACACAAAGACATATTTGGAGTGCCGATGGATGAGGCTCAACGAGGGGGATTTGGGTAAATCTCAGAGCCGCCATCAAGTCC
read24	TTCAATGTCTTAATGGTTCATAAGCGAAGCCATACTGGTGAACGCCCATACCAGGGGTAAATCAGTGTGGGGGACTATTTTACTCAGAAAGGTTAACCTCCTCCCCCCGCCACATTAATCTGGGCACACAGGGGAAAAACTTTTAGTGTCACCTCTGCAACTATGCATGGCAAAGAAGGAGATGAGCTCATCTCTCTCAACAACAACAACGGAGGAGGAGGAAAAGGGAGAGAGAGAAGTTCTACTTGCACCTGAACGCTGCTGGCTGGCTGTATTTTAAATACGGTAGGGTGTAAATATATACGATGCCTTTGTTATCTAATCTAGACATACGGGACTGGGTCGCAAGAACCGTCAAGAATCTTGAGGAGGGCGTAGCCCCCTTTCAGTTGTGCTTGGGGCACTATAGAGATTTTATACCGGGAGTGGCTATGCGGCAAATTTTAATCCATGAGGGCTTTCACAAGAGGGGAAAGGTTTCATCGTAGTCGTATCTCAACATTTTATCCAAACCAGATGGTGTATTTTCGAATAGGAGATTGCTCAGACCTGGCAATTACTCATGTCCCGCGCATTAATCTTCATAGTGCTCCAAAAGGGGGTGGAGAAGACTTGCTTCGGTTTAACAGGGGTGGAATTGTATCGGCTGCTTTCAAGGAATACCTACCTCGAGTGGGAGGACTCCGTCCTGGGGGTAGACACATTGTCTGGAGGAGACTTTCAGGGGGAAAAAGGCGTTGCTTGATGGTAAATCTTGGAATCCAGAGGGTACAGTAAGGTACAGGTGTAACTGGCAGGAGGCCACCTCCCCATCGTCTCTTCAACAACAACAACGGAGGAGGAGGAGAGAGAGAGATTTGACTCGGAAGAAAAAGGCATTGAGAATTCGCAGGGCGTCGAAGGTGATCGGCGGCGCAAGAAAAGCGCGGGCCAGGAGGAATGGTCCCCCAGCGCTCCAAGCCCTCCCGGCTCCTGCGTCCGGCAGAGGCGGCACCGGCTGGACTGTGTGGGGGGGAGCAAAGAGGCGAAGATAGCGCGTGACTGCATGGACTATTTCAACGTCCTGAGCTATTCCCCGGTCACTCGGCAACTGATCATTTGTTTGACAGAAACCGGA
read25	CCGCAGTGCGAGATCTGCGTTTTCTTCACAAGCAGACAGAAGGCCAGCCCCTGAACTGGCACATGAAGAAAAAGCACACAGGGGAAAAACCTTTTCAAGTGTTTCATCTGTCTAATTATGCCTGGTAAGTGCGCCGACGCTTTGACGGGTCATCTCGCACTCACATCTCTCCAATAACAACAACGGGGAGGAGGAGGAAAAGAGAGAGATGGGCTGTAACGAGAATAGTGAGTCTTCTACCAATTCATACGCCTCCCAGACCCCTAGTTATTTATTCCCAAACAAGTCACATCAGGGAGGACCCAATACTAACGAAAATGTTCACGACACACTTATCGGAATGCTCATCAAGAGGAGAGCCCCATTGAAAAGAGATCCCGAATGAACATACAAGCGAGACTGATTCTTGTTGGTCTTGCTTGGGCTGGAAGTGAAGAACGTAGCTTACGAGGCCCGCAAGAAAACCGATCAACGAAGTAATGGAGCAATACGATGACGTGGTTGGGAGAACATCGAGCAAACGTTTATGAGGATAATGTAGAACATATGGACTTACTCTGATACAATAAACCCGAATTTCAACTACTACTCCGGCCTTATTCTTGAGGAAGTAGACGGGGTATTTGTAAATGAGCTGGAAAATCAATACAACGGAACTTATTCTCGAGAACCGGGACCACAATGAAACATCACCTGAATGAGCTTAACATGATAGAGCAATACGATTGGCTTGAGATCTCTGTCAACAACAACCAACGAGGAGGAGGTAAAGAGAGAGATCTCTTTCGGAAGGCGGGCAGGAAACCTGCTTCTGATCGCACCCGGAGTCCTTCAGACTCTGACTCTCAAGAGCCCCTTTACCTATCAAATGTTCCAGCGTGGGAAGGGAGCTTCAGCCTGTCTACACCCCAAGCTAATTCCAGCGGGAAGATGTCGTCCCTATTCCGAACTCCGAATAATTCAAGAATAGAAAAAGAAACGTGCAGTAGCGTCCTGATCCACGCCACCTGCGAAACGAAGGCTCACCCATAATTTATTATGAGGTCATAGTCGCTAGGCCACCGGTATCAGGGAGTCTGTTCTTGGCTAGGTCAGCGCCTCACCCCGC
read26	TTCCAGTGCAACTAGTGCGGCGCCAGCCCCTTCACACAGAAGGGCAACCTGCTGAGACACATCAAGCTGCACACAGGGGAAAAACCTTTTAAGTGTTTCATCAGTGTAATTATTGCCTGCAGAGGCGCGACGCTTTGCGGGTCATCCCCGCGCTCACATCTCTCTCAACAACAACAACGGAGGGGAGGAAAGAGAGAGATGTGTCCGTTTTGTAGACACAGGACATGGCAGGCTGAGAGATATCCCAGATCAAGAGGCTCCTCAGGACAAGAAGACGTGGGGTCAGTGCCCTCACCGATCCAGAAGACTCGCAGTCCGATCATCTCTCTCAACAACAACAACGGGGGGGGAGGAGGAAAAAAAGGGAGAGAGCTCTCCATTGTTTTGCAGCAACAAGAAGAATGCGGCTGTAATGGATCAAGGTCCCGCTGGAACAGAACAGTAAACCGGGACGATTCCGACGATCAGGACCCTCAAGAAGTTACATACGCCCAGTTGGACCAGTGTGTTTTCACACAGGGCGAAGATCACCTCTCCGGTCCCTCAACGGCCCAAAAGCCCGGGGCCGACGGATACGACGATGTTATATGGAACTCCCGAACGGGCCAAAAACCGAGAAAAAATCTTTCCCCCGCCCGCAAGGGGCATTTCACAGTCAGGCCCTGAGGGGATCTAGCAGGGAAACAACTGCTTTGTCACAAAAAACAGAGTAGCTAGTTCCCACGTTCCGGCAGCTGGAAAA
read27	TCATATTTTTGGAGCTTCCGTGGTATCTGAGAATGGTTTTTTGTTAATGGACACAACGAGGAGAAGGGCCGCAATATACCTCTCGAAGAACTTCAGCGCAAAATTTTGCCATTTCACGCTTTTTTTTCATATTCGGCCATAATAGCTACTGGGTTAAAAATGAGCTCCTCCCCCCAAACCTGGAGAGGAAGGTATGCAGATTTGCCTTCACTAATGGAAATCATTGTGCCCGGAATCAAAACTAGTGGAGAACATAATAACATGTATCGAGGAAAGCTACCCCAAAAGTATATTCGTGTTGTCTCCGAATTTCGTGCAATCAGGGAGTGGTGTCATTATGGAAGTGTACTTCTCCCACCAAAATAAATCTGTTTCACGAGGGCAGCAACTCTCTTATTCTTATATTGTTGGGAGCAATACCGCAATATAGCCTTCCCCGCAGCTATCACAAGCTGAAGAGTTTGATTGGCTCGGCGAACTTCTCTGGAATGGCGTAAGGAAAAGAGCAAAAGAGGACTCTTTTGGGCCAACTTGCGCGCTGCATAAACATCAAAAACTCACTGAGCAGGCAAAGAAGATATCACTCAACAAAACAACGGAGGAGCAGGAAAAGAGAGACATCACGAGTGCAAGCTGTTTTGCGGCGCCAGCTTCAGAACAAAGGGCAGCCTGTCAGACACCACAGAAGACACACAAAGGGGAAAAAAACCTTTCAAGTGTCATCTGTGTAATTATGCCTGTCAGAGGCGCGACGCTTTGACGGGTTCAAATCTCCGCACTCACCATCTCTCTCAACAACAACAACCGGTGGAGGAGGAAAAAGAGAGAGAAAGGAAGGTGGCCGAAAGCCGACAAATAAGGCCCCGCACCTAAACAAGAGCGCAAGAATGAAAATTTCCCAGACGATTTGCCTGGGAGCAACACGGCGGCCCGGGCAAGAGACACTGCACGGGTGTTTCAACCCGACACCCAAAGAAAACGGAACGGGGGAAAGTCGGATCTCCGTCCAGGAGCGATAG
read28	TTGGATAAGGACGAAACTCAAAAGCGGGGATGGATGAAGATATACATATGAGGGGTCTTGATATAGATCATACGGCGACCTATGAAGACATCGTTACGCTGAGAACTGGAGAAATTCAAGTGGTCCGTCGGCGAAACATCCTGGACATGGATCTCTCTCACCCCAATAACAACGGAGGAGGAGTAAAAAATGGGGGAGAGATATAATGAAGTTGAGGAAACTCACCTTATTTCGAAGGAGGAGAATGGGTTTCAGAGCACACTCTGGAGAGATTATCGGTCCAGATCCAATCATGGGGAAGAAACCAACTCAGAAGAGAAAAATGGACAGAGTTCACACCCTATGCGCTGTAAAATGAACTATATAACCAAGCTCTACTCCGAATCGAAAACCAAGCGAAAAGAGATCTTGCAGCTTTCCAAGCTTGAAAAAGAGAAACACATTCAGGTTCCCGAATCCATTGTTATCTCTCTCAACAACAACAACGGAGGAGGAGGAAAAGGAGGGAGATTTCAATCTCTTAATGGTTCATAAGCGAAGCCATACTGGTGAACGCCCATTTTGGAGTGCGAAATATGCGGCTTTACCTGCCGCCAGACCCGGTCACCTCCCCGCCACATTAAAACTGCACAACAGGGGAAAAAACCTTTTAAGTGTGACCTCGCAATAAAATGCATGCCAAGAAAAATGCGCTC
read29	AAGAAGTTTTACTTCTTCAAGAGCAGGTGCAGCACTCTCAGTGAGCTTCCCAGTTCACTTCAAAACAAAAAGGCACTGCAAAACGCCGTAGAAAAGGAGGTTCAAGCCGAGGACAATAATACTCGAAAACCCCAGCCTGTATGCCACCGACAAAATCTCTCTCAACAACGAAACGGAGGAAGAGGAAAAGGGCGAGATCTGGAGTGCGAGATCTGCGCTTCACATGAGACAGAAGGCCACCTGAACCCCCCCCCCCCCCCCTGGGCACCCGAGAAAAAAGCACACAGGGGAAAAACCGTTCAAGTGTCATCTGTGTAATTATGCCTGTCAGAGGCGCGACCTTTTTTTTTTGACGGGTCATCTCCGCACTCACATCTCTCTCAACAACACAACGGAGGAGGAGGAAAAAGAGAGAGATCGGAAACGGTGGCAAAATGAGAAATGGGGCTTTTAATGCGGGGGCAGACGAGTATGAAGACGAAAATCTTTATGAAGGAGTCAACCAGGATGACCTGTTCAATTTACGAAGACATTAGCAGAGGACTCCCGGGGACATAAACCAGGACGTTGGGGGCAGCCTTAACATAGGGGACGTTCAGTTGGCGAACCCT
read30	TAAAACGATGCAGAGCCTGCGGCAGAGCCTGCTGCAGACTGAGCACACTGATTCCAGCATCAGAAGGGGCACACAGGGGAAAAACCTTTCAAGTGTCATCTGTGTAATGATGCCTGTCCCCAGAGGCGCGACGCTTTTGACGGGTCATCTCCGCACTCACATCTCTCTCGACAACAACAACGGAGGAGGAGGAAAGAGAGAGATAAAACCAAAAAACAAAGAAGCAGGAGGAACGATGAGGAGATGGAAACCCGAGCGCACCCCGAGTCGAACCGAGGAAAGAGGCCGCAAACCGAACCAAATCCCAGCGTCAACGCCACAAAAAAACCCTGCGAAAACTCAACACCCAAACCTCCCCCTCCGAACCCATAGAAGCCACGCCCCTAGTCATCGACTCCACCTCCCCCCGGCCACAGGGTCAACAGTGCCGCAAAAACGGCTCCTGCTCCTTCCGGGAGTCAAAAAGTTCATCAACAAAAAGGACCTCCTTTTCGTAGGCCCAGGTAAACAGCCAAAACATCCCCCCCACGGCGCAGCTGAAAATTCACGAGTCCGTCTTCCAACATCTCTCTCAACGAAAACACGGCGGAGGAGGAAAAGAGAGAGATCACTCCGACTACCAGCCACTGGGAACTCAAGTCCCCAGAGTCTGGGTGCCTGGGACTCCGCTGTTGTAGGTACTGTTGCTATTTTACTGTCTTACCCCCTGGGAGTCTGAGGAACGCCCCCACCCTCCCCATACGAAATACTGTC
read31	TTGACTAGGAAGAAAAAGGCACTGAGAATCCACAGCGTTGAAGGTGATCGGCGGCGCAAGAGCGCGGGCCAGGAGGAATGGTCCCCCAGCGCTCCAAGCCCTCCTGGCTCCTGTGTCCAGGCAGAGGCGGCACCGGCTGGACTGTTGGGCGAGCAAAGAAGGCGCAGTTCGCGGAACCCTGCATGACTATTTTAACGTCCTGAGCTATCGGTCACTTGGCTAACTGCTCATTTTTTACAGAAACCGGAATCTCTCTCAACAAAACAACTACGGAGGAGGAGGAAAAGAGAGAGATCAAGGGTGCAAGCCGTGCGGCGCCAGCTTCAGAACAAAAGGGCAGCCTGTCAGACACCCCACCCCAGAAGACACACAGGGGAAAAACCTTCAAGTGTCATCTGTGCAAAAATTATGCCTATCCCCAGAGGCGCGACGCTTTGACGGGTCATCTCCGCACTCACATCTCTCTCAAAACAACACGGAGGAGGAGCAAAGGGAGAGATTGGAGTAACAGTGTATTACCAAAAGGGGGGAAGTGTTTGACTTGGCAAGGGCCGAGACGCCAACTCCCTGCTGCGCCCCGGCACCGCTCCACCGCCCCCCTGCCGGCTCTAGTGTACATCTGCTCCCTTCCCCCTGTGCCCGGTGGA
read32	CACCCAAGGCGTGCAGAAAACTAATAAGGCAAAAATTGCCTTTGTGCTATCCTGTGCAAACTTCTCAGCCCAAACTCCAACTCGTCAACTCACGGCCCAGACGGTCTTCTACTCAACTGAGAAAGTGGGGCCTCCGTAACCCAGAGCCTGTAGCCGAGGAAAGAGATCTTATTTCCCAGCCGTTGAGGAAGACGTGTCACAGTGTCTGCGCGCTTACATCGAGTCTCTCCCCCCGCTTCAAGAATGCGTCGCCGGCAGGTGGCCCGAGTGCCCTAGACCCGCCCGAACGCGCGTATAAACCGAACATACCAACAAAAGATCGAGAAAATTTACATTATGAAAGGCGGATACAGTAATAGTCGGAACCGTCAAAGCCGAGCTTCCTGAAGGGCGGGTCGGCAGGTCCCGCAGAACCCGAACTTGAGGAGGAACTCGAGGCTGACCACACTCCAAAAATAATCCAGAACAAGAAACAGAACCTCCCCTGGGTAGTTGTTCCGAGGTAATGCTTAGGCGTTGAAGGGGAGGAGGGCAAAAAAGAAGACCCACTGCCAACGGCGGCCGCAGGCAAAAATCAAAACTCTCAACAACAACAACCCCGGAGGAGGAGGAAAAGAGAGAGATTTCAATGTTTTAATGGTTCATAAGCGAGGCCATACTGGTGAAACGCCCATTCACTGTAATCAGTGTGTTGGCGTTTTCTTTTACTCAGAAAGGTAACCTACTCCGCCACCCCATTAAACTGCACACAGGGGAAAAACCTTTTAAGTGTCACCTCTGCAACTATGCCCCATTCCAAAGAAGAGATGCCCCGCCCTCATCTCTCTTTCAACAACAACAACGGAGGAGGAGGAAAAAAGAGAGAATCTCCGAACAGGCGCCAAGTAAACACTGGACCACACTCCAACGAAAAGCGGATTTCCAGCACCCCAGCGGGGGGATCGGTCGGACCCGAGCCAACCCCTGACAGGGTCTTCAGTGGACATCATCTCCAGCGGCTGAACGCGAGGAAGAGAAAACTTGTATGTCGCTGTAAAACATACCCCCCGCCTGAGGACGGTGTCGAGATGGATACTCGCTCACCCCCACATGATGAGGATCCCCGCAAGCCGTTACCTATGCAGAGGAAAAAAACAATTCGCCCCCCAAGAAGAGAGATGGCAAGTCCCCGTCCCCCCCTGAGCGGAAAGTTTCTCGATACCCCAAAGATAGAAAGGCCCAGGAAGATCGCCAGATGGATACTGAGGCCGCCGCATCAGAGGCAACTCAAGACGTGACCCCCTACGTTCAGCTCCCCACTCCCCTCCACGGGGTGCGAAGAGAGGCGCCGGGGAACCCCCGCCCTCCCAAGAAGGACTAAGCCTGCGGTACCCAGCATATATGCAACCTTGCGATACAT
read33	AATTGTCGAAACACAGGGCCGTGGTTTTGAAGAAGGTATTGAAGTGCAATACTCCGGACCCAAGTAAATTTTTTAGTCAAAGCTTTCCTCAAGAGCACGGCGGCGACGTTCAAAATGGCTCTCTTCCCCATTTTCCCTCCTCCCCAGCTTCTCACCGGGTGGCCTCGCCCCCGAAATCTCCCCTCTTGATTGTTCCTGGAGCGAGACCAGGTCACTCAACTCCTTTTGCAAAGGACAAGGTCCCCCAACCCGCATCCCCTCTTTCTTCCAATCATAGCCTAACATCCTGCTTCACGAATCAGGGATACTTCTTCTTTGATCTGCCAGGGGATGCATTTGAAATAGAGGCGTACCAAGTTTACTTTAAACATATGATCCATACTCCGAGAAGGACCCTACGAGGGCGTAGCGGGAGCCCCTACAGGTTCTTCCACAACCGCTCCCAGCCACTCAGCGGGGAAGATGACGCTACTGCACATTTCCAAGTCGGGATGACCTCCTTCTCTTTTCCCCAAGCCTCCTGGGAGGACCGTCTCCCGCCATCTACGGCCCCGGGTGGCTCTGGCCCAGGGGAAGAAACGGGCATGCCCCGAGCTTGCAGGAGAGTTCCTCGGTATTGGGACCCTCAAAAGCCAATGGATCCCACGACCCCCCCAGGTGTTCCGGACCTTGTACATTTCCAGCCACCGCCAAAGCTCGTCCTGAAAAGGGAGGCAGGTGAGGAGTGCCAGATGCCGGTCGCGGGGGAAGCCGTTTCTTTCCATGGAGTCGAGACCCGGTCAAAGGTTGAGTTTCGGGCCCTGGACGTCCGCCTTTCCCCGTCTACAACCGAGCCTACCTTAGCCTGAAGAATTGCAGGGCCAAGACACGACCCACCTTGTCATCTCTCTCAACACAACAACGAGGAGGAGGGAAAAGAGAGAGATTTCAAAAATTTTGTCTTAATGGTTCATAAGCGAAGCCATACTCGTGAACGACCATTCCAGTGCCCTATCCCTGGGGCGGCCTGGGGTGATAAGAGAAAGAGCTACTGGACGAGACACATGGTGCTCGACATTTTAGGGGAAAAACCTTTTAAGTGTCACCTCTGCAACTATGCTGCCAAAGAGAGATGCGCTCATCTCTCTCAACAAAACAACAACGAAGGGAGGGAAAGAGAGAGAGCTTTTTTACTGCAATCATCGGAACCGCGGGATGGGGTGTAAATGTCCACCGGCCCGTTGGGACAAGTTGGGACAAACCGTCTTTATCCCCTCTCGATATGTA
read34	CACCGGTGGTGCAGGTTATAAGAAGAACGCAGCAATCATGCACCAAGAGAGTGCCGGAAAAACCGCACCGCTAACTCAGTGGATTCCCCCCAGACGAGGGCAGGACCCTCAGGAAGTCACCTATACACAACTGACTCACCGTGTCTTTACTCACGCCTGATCACACGCTCTCCCAAAGACCAAAGACGCCTCCTTCAGAAAACCCCATTATCTTGTATGCCGAGCTGCCTTCATGCAGAGAGCCGATCAAAGTAGCAGTTTTTTTTTTTTTGCCCAATCTCTCTCAACAACAACAACGGAGGAGGAGGAAAAGATAGAAAAATTACCGCTGGGGGTGCAGCAACAAGAAAAACGCGGGGGTAAAATTGCCAGGGGGGGAGCCCGCCAGGTGACAGAACCGTAAACCAGCAAGACTCCGACGAGCAGGACCCTCAGGCAGTCTCTTCTGCTCAACTCGATCATTGCGTATTCATACAAGGCAAAATCAGGCGCCCAGGTCAGCGCCCTAAGACCCCGTTGACCGACAAAACATCTGTCATACAGAACTTCCAAACGCGGAGCCTCACAGTAAATCGTGGGGTCCTGTCCGGAGCTCACAATCCGGGTTGGAGGGGGTCTTCATCTCTCTCAACAACAACAAAACGGAGGAGAGGAAAAGAGAGAGGGATTACCAGTGCAGGTGTGCGGCAGGGGGCGTTCAAGAGAGTGAGCCACCTGCAGTGCACCCTACAGAATCCACACAGGGGAAAAACCTGTCAAGTGCATCTGTGTATTTAGCCTGTCAGAGGCGCGACGCTTTGACGGGTCATCTGCGCACTCAC
read35	TGTAGCAGAAAGAAGCTAGAGGGACGATCGGGGGCAAGACGAACAGGGCAACCTTTGAACGAAGATCCTTCCTCTGTCCCTGTGTTTTCTGTAGATTATGGAGAGGCTTGACTTTCAATGGAGGGAAAAAACCCCCGTGCCCCCTGTCCCATGTTACCGGAGCAAAAACTGAGTACGCCAAAACCAAGTTTTCATTCCTTCTGGTATTTGGGTACCCTTCATCCCCCGCGAGGGGCTAGAAGTGCTGACGGCCCTCGAAGTGCCCAGCCGCTGCGCCCGGAAGGGGATGGACACTCCTCTTGGCCACTCATCTCTCTCAAGAACACAACGGAAAGGAGGAGCAAAAGAGAAAAGAGATAAGAGTACTTTTCAAGAAGGAGGTGCAGGAAATCTCTGTGAGCTTCAGTTAACTTCAAATCAAGGACTGCAAAAAAAACCCCGCCGAAGAAAAGGGAGGTTCAAGCCGAGGAAATATATACATCGGGAAAACAGCCTGTATGGCACGGACATCTCTCCCAACAAAACAACGGAGGAGGAGGAAAAGTGAGAGAATCAACTGTAATCAGTGTGGGGCGTCTTTCACTCAGAAAGTAACTCTCCGCCACATTAACCTGCACACAGGGGAAAAACCTTACAAGTGTCCTCTGTGTTTTACTTATGCCTGACGGAGGCGCGACGCTTTGACGGGTCATTTTCTCCGCACTCCAC
read36	CTGCAGTGCGAGGTGTGCGGCTTCCAGTGCAGACAGAGAGCCAAGCGTGAAGTACCACATCACTAGCACACAGGGGAAAAACCTTTCAAGTTCATCTGTGTAATTATGCCTGTCAGAGGCGCGACGTTTTGACGGGTCATCTCCGCACTCACACCTCTCCTCAACAACAACAACGGAGGAGGAGGTAAAGAGAGACATTTTGAGGGCTGGCGGATTTCCTTTTACTGGAACGTTAGCGTGCATCCCGGGTTCTCGGGGCTTAAAGAGAAAGACAGACAAACGGAACAGTTCGAGTATGCTGGGCTTATATTATTCATGCTTACAAAGATACGGACTGGGTCTGGGGGGACACTTGAGTTCATGGAAAAGGAGGATCAAAGTATGAAATTTTGCCCGTAGAGCGGGATTTCGAGGCCGGGGTATTCAAGCTTGCAGCAATGTGAACTCCATTAAAAGGTCTTAGGAAAATCAGTTTCGTTATCACTCACCACCTCCTGAAGGACCCCACTTTGGGTAAAAGGTTCAAAGTTCACCACGCAGGTGCAACAAGCTATAGAACAAAAACCTCGATTTTCACTTATACTTGTTTTCCTGGAAGAAATTCCAGACCTATAAGCTCAATTACCCTTTGTTTTTGAGACGGGGTTTTATGTTTCAGTCCCATTTTGCATATTGAATTGGCCGGGTGGCAAAAAGACCACTTGGCGCGTTTAGACATAAGCTCCAGGTGGCACTGGGGAGTAAGAATAGCGCGCAAATCTCTCTCAACAACAACAATGGAGGAGAAGGAAAAGAGAGAGATGCCTCAAGTCGCTTCCCCTTTTTGGAGGCTGTGGAAGAAGATAAGGGCGGTCCCAAGCCCTGAAAGGATTCTTTATGCGTTTGGGTACAAAGGCTGCTCCCCTGGCGACTTCAAAAAGTGGGTCGGCGCGCCGTTTACGGGGAGTTCCCTCGAGCTTGGACCATGGTCCCCAGAGGTACCCAGCACGCGCGAAAAAGTCTACAGTTGCCACCCCACCCCCGAGGAGTCCAGCTAAGAAGCTCAGTTGACCGAGTTGCAGGAGCCGGCAGAGCTGGTTGAAAAAGCGATGGTTTTCCAGAACCCCCTCTTTTAGCCAACAGCACAGAATAGTGGGGGAATCGCGTATAAAAGTGAGGAGGGAGACAGACCATACGGGTTGGTACGATAAAAGATACAGTGACGGTATTGGACGCTGAAGGGCCTTGTACCTGACCCTGGAAGCTGCGAGGATGACGGCTACCAGGGGGGCTCGATTTGGATGCCGGACTTGAACGTCTCCTGGTTTGGAGATCCCATTTTGCTTTTCGATTGCAGGGAACGGGACCGGGTCTTGTCTTGTGTGTGTTTAGTGCCGGAAGCCCTTGGCTTGGAAGGACCCCCTTGGGTTCTTTGTTTGCAGGGGTCAAGCCCCCATTGGGCAGATTGGGGAAGATTGGGCTGGGGTTCCCCCCCTGGGGGGGAAGGTCTCCTGGGGGTGTCTGAAGCGAGGCTGGATATCCCTGGCCGGATTGGATATGGACACATTTGGATTCTGGGTTTGTACGATCAGATTGCAGCTCTCCTGTAGAGTGTGACTTCACGAGCCCGGGCGACGAGGGGCCCCCTCGGTCATACCGGGGCCGGCAATGGGTAGTATACCTACTCCCCTGTCCTCACCGGGACCGCAAGCTAGC
read37	TACCGCTGGTGCAGCAACACGAAAAACGCGGCGGGTAAATTTGGACCAGGAGCACGCAGGTAACCAGAACCCCCGTAAACCGGCAGACTCCGACGAGCGGGATCCTCAGGAAGTCACTTATGCTAGCTCCCCGATCATTGCGGGGGGTTTACCATACAAACCGCAAAATCAGCCGCCCAAAGTCAGCGCCCTAAGACCCCGTTTTTTTGACCGACACATCTGTCTTTTATACAGAACTTCCAAACGCGGAGCCCCCTCGGAGTAAAGTCGTGCCTTCCGAGAGCTCCACAATCCGGTTGGACGGGGTCTTCATCTCTCTCAAACAACAACAACTGAGGAGGAGTAAAAGAGAGAAAATCTGCAGTGCGAGATCTACGGTTACCAGTGCAGACAGAGTGCCAGTCTGAACTGGCACATGAAGAAGCACACAGGGAAAAACCTTTCAAGTGTCATCTGTGTAATTTGCCTGTCAGAGGCGCGAAACGCTTTGGCGGGTCATCTCCGCACTCACATTCTCTCAACTACAACAACGGAGAGGAGGAAAAGAGAGAGATAAAAAAAAGAGAATTAACCGATAGTTATGTCCTCACTGCCGGACCATAAAAAGACGCTGGAGCATCTGTGCAAATAGCGCGAAAGAACCTGAACGTAAGTTTTTTCAATCCGGAAAGTCCTTCCTGGAATGCCAAATCCATTTTCGAGGGGTAGAACGCAAATCCAGGCGAGGGACGAAGTCGAAGAGTCCTCCAAGACACTTTTCCCAAAAGTCGGAGAGTCAGAAAAACAGAGGCTTGGCGGCGATGTCCCATCGCCTAACTGTCCAAATCTGAAGATGTCTAAATTACGCCTGAGAGTTTGGCAAAGATAGTTCCCTTACTTGCCTCGCTAGCAATGTGAGCGCATGTGACGCCCCTATCCTGAGCTCATCCACGGGCTCGATTGCAGAGAGAGTGGAAAGAACGGCCCGCACGTTTATTTTCAAGATTTGCTCCTCAGTCTCCGCACCACGAATTCCACCCTTCCCCCCCTTTTTCTCTCCAAAGCGGAATCCTGACATTGAATCCCGTTGCGCAAAGGGCAGCCTATCCTGACAAGTTTTTGGAGAGCAATCAGGAGGAACGTATGTTACTCTGAGCAGTTTCTACCAATATCGG
read38	CTTCACTGCGGTTGCTCCAATAAAAAAAACTCTGGCCGTTATGTATCAAGAACCTGCTGGAGATCGGACCTTTAATAGATGAGACCCCTCAGATGATCAAGATCCCCAAGAAGTTACCTATGCACATCTGATCACTGTGTGTTCACGCAAACCAAGATACGTCCCCGTCCCAGAGGCCAAAACGCATCCGACCGAGGGGTACGATGTATAGGAACTCCTTAACGCAAAGCCGCGCAGCTTCCCCCCAGCCGGCACATAAGCACCATTCCCAGGCTCTCACGGCTCAAGCAGGGAGACTACCCGGCCCTCTCTCAGAGTAGAGTAGCCTCATCCCACGTCCCTGCTGGGGCTGGTATTATCTTCTCTCAACAACAACAACGGAGGACGAGGAAAAGAGAGAGATTTCCAGTGTAATCAGTGTGGGGAACTCTTTTACCCCTCAGAAAGGTAAACCTCCCCCGCCACGTTAAAGGGGGGGGTGCACACAGGGGAAAAACCTTTCAGTGTCATCTGTGTAATTATGCCTGTCAGAGGCGCGACGCTTGACGGGTCATCTCCGCCTCACATCTCGCTCAAACAACAACAACGGAAAGGAGGAGGAAAAGAGAGAGATAGGTAGAACATCGGGTCGCAAAAAAGCGGCAATAACGAGCTACGAAAATTTTTCCGACGGCGTTTATACGGGTCTTATCCCCCCAGGAACCAAAGAGACCTATGAAAAACATTGAAACATGAAAAACCCCCCCCCCAA
read39	CTGCAGTGCGAGATTTTCTGTGGCTTCACATGCAGACAGAAGGCCAGTCTGAACTGGAACATGAAGAAGCAAAACACAGGGGGGAAAAACCTTTCAAATGTTTTATCTGTGGGGTAAAATTATGGCTTTGTCCCCAGAGGCGCGACGCTTTGACGGGTCATCTCCGCCCTCACATCCTCTCAACAAAACAACGGAGGGGGAGGAGGAAAGGAGAGAGATTACTTCCGGGGCAGATTGGTACCAAGGGGGCGAGGTGCGCTGAGGGGCTGCCACACGGAAACAGAGGGATAACGGAAACGAGTCTCCGTATCAGCAGCTTCAGGGGGGACATCGGTCCCCGATGTTACAGTGATCTCAACACCCAAGACCGTACTACAAGATCTCTCTCAACAACAACAACGGAGCGGAGGAATAGAGAGAGATCACAAGATCAGCGCGAATCAAGTGCCACTAAAGAACCCGTGGTGCGTCTCTACCCGAAGCCTCAGGAGTTCACCTACAGTTCCCCGACTCCAGACATAGAGGAAATTCAACCCGTTTATGTCAATGTAGGAAGCGTTGACGTTGACGTCGAATAGTCCCCCAAGTCTGGAGTATTGCAGCAGCCGGTGAGTTCTGCGAATATCAAGAACACCTCTGGAGAACAAGGACTCACAAGTCATATATTCCTCCGTGAAGAAGAGC
read40	TTCAATGTCATAATGGTCCATAAGCGAAGGCCTTACTGGTGAACGCCCATTCCAGTGCCCTATCTGCCCCGGCCTGGTGATCAAGAGCAACAGCTACTGGAAGAGAAACATGGTGATCCACACAAAAGGGGAAAACCTTTTAAGTGTCACCCCTCTGCAAAACTACGCATGCCAAAGAAGAGATGCGCTCATCTCTCTTACAACAACAAAAACGGAGGAGGAGGGGGAAAGAAGAGATCAAACCCGCTTCAACGGCCTGAGGTACATGAGGATGATGTGGGATGGCTTCCAGGCCAAGCGCAAGCTCGGAAATCTCCAAGTCGCAAATATGCTACGGATGCTTTTGTTTCTTATAGCGAGCGCGATACTTACTGGGTTGAGAATTTGCTGGTCAGGAATTGGAAAACTTCAATCCACCCTTCAAACTTTTGCCTTCATAAGAGAGACTTCATTCCGGGCAAAAGTGGATTATTGACAACATAATTGATAGTATTGAAAAAGTACCACAAAACCGTCTTTGTGCTTTCAGAGGAACTTCCGTTAAGCCGGAGTGGTCCAAATATGAGTTGGACTTCAGTCACTTCCGATTGTTCATGAGGATAACGTCGCTGCTATACTGATTTTGGTGGGGCCCATTGAGAAGAGGCTATCCCCCAGCGCCCTCCCCTGCAAAAAATTTGAGGAAGATAATGAACACAAAGACATAATTTTTGGAGGGCCGATGGGTGAGGCTCAACGAGAGGGATTTTGGGTAAATCTCAGGGCCGGCCATCAAGTCCATCTGTCAACAACCAACACGGAGGAGGAGGAAAAGAGAGGATTGTGACGGTGTAGTCACAGGAGAGGGTAGGCTGAGAGAATGTCCCAGATCAAGAGGCTCCTCAGCGGGAAGAAGGGCCGTTTGTCAGTGCCCACACCGATCCAGAAGACTTGCAGTCCGATC
read41	AAGCTGCAACGGAGATGGAAACGCACCCCCAAAGTCAACGGGATTGCAAGAAAATAGTTCCGGTCAGTGTTTCTTCGTACGGAACCCAAAAAGGCCAGACGGGCACCCCTCTCAAGAAAAGGGCCTCACCTTTGGGGTTGCTACAATCCGATGATGGAGGAGGGAATGAGTTTTACAAAAACTCTCAGCTTTCCAGAGATGAATTTTATCCCCCGAAAAAGGAGACGGGCCTAGCTAGCGAGATGCAGAGACCCCCCCAGACTCGACGATACAGTTACGTAAAGTGCCCCCATAAACGGCAATTCGGAAGACTATGAAAAAGTAATCCCTGATTTTCCTGAAGACGAGGGAATTCATAAAATTCTGAACTGATAAAATTCGGTGTTTTGGGGGAACGAATTCAGGCACAAGAGAACGTGGGGACTACGTCATTTTACCAAGCACATCTCTCTCAACAATAACAACGGAGGAGGAGGGGAAAAGAGAGAGATCTTATCTGCAATAATCGGAACCGCCGGAGGGTGTGCAAATGGGTCCACGGCCCGTTGTGAAAAGTGGTGACAAACCGTCTTTGTCCGGGCTGATATGTAATCTCTCTCAACAACAACAACGGAGAGGAGGAAAAGAGTGAAAAGATCTCAATGTCTTAATGGTTCATAAGCGAAGTCATACTGGTGAATTTTGGCCATTCCAGTGCCCTTCTGCGGCCTGGTGATCAGAGAAAGAGTACTGGAAGAGACACATTGGTGATCCACAAAGGGGAAAAACCTTTTAAGTGTCACCTCTGCAACTTGCATGCCCCCAAAGAAGAGATGCGCTC
read42	CATCGGGGCTGGTGCGCCAACAAAAACGACGCAGTTGTTATGGATCAAGAACCTGCCCGGGTAACAGAACTGTGAATAGGGGAGGATTCTGAAAATGAACAACATCCCCCCAGGAAGTTACTTACGCTCAGCCCCTGAACCACTGTGCCTTTTACACGACGGAAGATCAGTCGACCGTCCAACGGCCCAAGACATCTTCCCTCTCAACAACAACAATGGAGGAGGAGGAAAAGAGAGAGATTGCAAGTCTTAATGGTTCATAAGCGAAGCCATACTGGTGAACGCCCATTCCCGGTAATCAGTGTGGGACACTTTTACTCAGAGAGTTAACCGCCTCCGCCACATTTTTTTTTTTTTACACTGCACAAAACAAGGGAAAAACCTTTTAAGTGTCACCCCCTCTGCAACTACGCATGCCAAAGAAGAGATGCGCTCATCTCCCTCAAAACAACAACGGAGGAGAGGAAAAGAGATAGATAGCCTCAAACGCATCCCCCTTTTTTGGAGGCTGTGGAAGAAGTCTGGGGGCGGTCCCCACCCCCTGAACGATTCTTATCCCTTGTACAAAGGCTGCTCTGGCGATTTCAAAAAAATGGGTCGGCGCGCCGTTTACGGGGAGTTCCCTCAGCTTGGCCATGGTCCCCAGGGAGGTACCCAGCACCCCGCCCGAAAGTCTACAGTTGCCACCCACCGAGGAGACCCAGCTAAGAGGCTTCGTTTTGAACCAAAGTTGCAGGAGCCGGCAGAGCTGGATGAAGGCGATGGTGTTCCAAACCCTCTTTTTGGGGCCAACAGCACAGAAAAATAGTGCGGGAAGCCGTTTTATAGTGAAGAGCGAACAGACGTACGGGTTGGTGTCAATAGATACAGTGACGGTATGGACGCTGAAGGGGCCTTGTACGTGGCCCTGGAGCTGCGAGGATGACGGGGGCTACCCAGGGCTCGATTTGGATGCCGGACTTTGAAGCGTCTCCTGGTTTGGAAGATCCATTGCTCGGGGATGGCAGGAACGACCGTCTTGTCTTGTGGTTGTGTTAGTGCCGGAAGCCCTGGCTTGGGAGGACCGTTGGCTTCCTTGCTTGACAGGCTCCAGCCCCCAGTGGCAGATGGGGAAGTTGGACTGGGGATCCCCTTCCCTGGGGGGGAAGGTCTCCTGGGGGTGTAGTGAAGTGAGCCTGGATCCTCCTCTGGCGGGATTGGATATGGACACATTTATTTTGGGTTTGTATGTTCAGATTTTGCACCTCTCCGGTGGAGTGTGACTTCACGAGCCCCGGGCGACAAGGGGCCCGCTCGGTCTTACCTCCGGCAATGGGTAGTAATCCTCCTCCCCTGTCCTCACCTGGACCGCAAGCTAGC
read43	AACGCCCCCGGCGACGACGGGAGAGACGAGACCTGTTCACCCTGAGCTTGGGACACCCAAAAGGCTCCCAACAATTACCGCCCTCCGATTTTTTTTACATCTCAACCCACGAATCAAAGCATGGACCCCGACACAAGAGACGATTTTTATGTAAACCTGCCTTTACCTTTTCTCGGCGAACAAAGACTTGGGTAATCTTTCTCTCAAAAACAACAACAACCGGAGGGGAGGAAAAGAGAGAGATCGGAAACGGTGGCAAACTGAGAAATTGGGGCTTGATGCGGGAGACGAGTATGAAGACCCAAATTTTTATGAAGGACTCAACCTGGAAAATGACCCTGTTCAATGTACCAAGAATTAGCAGAGGACTCCCCCAGGGGTACATACCAGGACGTTGGCAAGCATTACATAGGGGACGTTCCATTTGGTGAAGGCTATCTCTCTCAACAACAACAACGGAGGAGGAGGAAAGAGAGAGGGGATTACCGGTGCAAGGTGTGCGGCAGAGCCTCAAGAGGGTGAGCCACCTGACAGTGCACTACAGAATCCACACAGGGGGGGAAAACCTTTGAATGTCACTGTGTAATTATGCCTGTCAGGGGCGCGACCTTTGACGGGTCCATCTCCGCACTCAC
read44	AAGACGTACTTCTTTCAAGAAGGAGTTGCCCAGCAACTCTCTGTGAGCTTCATTTCACTTCAAATCAAGGCACTGCCAAAACGCCGTAGAAAAAAAGGAGGTCAAGCCGAGGACAATTTATATACATCGAAAACAGCCGGTATGCCACCGACATCTCTCTCAACAACAACAACGGGGAGGGGGAAAAGGGGAGAGAGATCACCTGTGGTGCAGTATAAGAAGAATGCAGAGTCCATGGCCAGTGAGTGCCGGAAAATCTAACCGCAAAACTCAGAGGATTCATATGAGGAGGACCCTCAGGAAGTCACCTATAACAACTGAAATCACCTGTTCTTTACTCAACGCAAGATCACACGCCCCCCGTCCCAAAGACCAAAGACGCCTCCTACAGACTAGCGTGTATGCCGAGCTGCCTACTGCCGAGAGCCGATCAAAGGTAGTCAGGTGCCCCCCAATCTCTCTCTACAACATCAAACGGAGGAGGAGGAAAAGAAAGAGATTTCAATGTCTTAAAAATGGGGGTTCATAAGCGAAGCCGTACTGCTGAACGCCCATTGCGTGCGAAATATGCGGCCCCTTTACCTGCAAGCCAGAAAGGTAACCTCCTCCCCACATTAAACTGCACCCAGGGGAAAAACCTTTTAAGTGTCACTTCTGCAACTATGCATGCCAAAGATGAGATGCGCTC
read45	TACTTTCTGGGGGAGATTGGTACCAAGGGGGGAGAGGTGCGCTGAGGCTGCCACACGGAAACAGATGAAAACGGAAACCGATCTCCGTATCAGGAACTTCAGGGGGACAGCGGTCCGAGTTTACAGTGACCTCAACACCCCAAAGACCGTACTACAAGATCTCTCTCAACAACAACAACGGAGGAAGGGGAGGAAAAGAGAGAGATCTCCTTTGTTGTTGCAGCAAAAGCAAGAAGAATGCGGTTTTTGTAATGGATCAAGGTCCCGCTCGAGACAGAACCCCAGTAAACCGGGAAGATTCCGACGATCAGGACCCCCTCAAGAAGTACATACGCCCCGTTAGACTTTTCTGGGTGTTTTCACACAGACGAAGATCACCTCTCCGTCCAACGGGGCCCAAGACCCCGCCGACAGATACTACGATGTATATGGAACTCCCGAACGCCAAACCGAGGGGAAGTCTTTCTCCTGCTCACAGCCCATCACCGTCAGGCCCCCCTAAGGGATTAGTAGGTAAAGAACTGCTTTCACAAAACAGCGTAGCTAGTTCCCACGTTCCGGCAGCTGGAATAATCTCTCTCAACAACCAACAACGGAGGAGGGGAGGAAAAGAGAGAGATCTGCAGTGGCGAGATCTGCGCCTTCACATGCAGACAGAAGGCCAGCCTGCACTGGCACCAAAGAGAAAGGGGAACACAGGGATAAAACGTTTCAAGTGTCATCTATGTAATTAGGGGCCTGTCAGAGGCGCGACTCTTTGACGGGTCATCCCCCACTCAC
read46	TTCCAGTGTAATCAGTTTGTTGGGACTCTTTTTTTACTCAGAAAGGTATCCTCCTCCGCCACATTAAACTGCACACAGGGGAAAACCTTTCAGTGTCATCTGTGTAAGTAGGCCTGTCAGAGGAAAAGCAACGCTTTGACGGGGTCATCTTTCCCCCACTACATCTCTCTCAACCAACAACAAGTAGGAAAAGGAGGAAAAGAGAGAGATCTCAGGAATCGATGGGATAGTCTCTCATTGTCAACTCAGTGCACGCAAGTCCTGCGGAATCAGCGCGAAATCTCGAATATGTTAGTGTCTCTCCCACAACTATACCGTGTATGCCTCTGTGACCATTCAAACCGCTGACGGAAATATGGACACCCCGCGAGAAAAATGACACGATTAACAATATACTCCACCCCCCCATCAATCACTTAAAGAATCAAAACCCACCGTTTCTAGGGCCACAGCACTTGATAATGTGATCTCTCTCAACTACAACAAGGAGGAGGAGGAAAAAGAGAGAGATATTTATTGCAATCATCGGGGAACCGCCCCGGAGGGTGTGCAAATGTCAACGGCCCGTTGTGATAAGTGGGGACCAACCCGTCTTTGGGGTCCGCTCGATATGTA
read47	TTCAATGTCTTAATGGGTTCATAAGCGAAGCCATACTGGTGAACGTCCCCCATTTTCCAGTGCAACTGTGCGGGGGGGCCAGCTTCACACAGAAGGGCAACCTGCTGAGACACATCAAGCTGCACACAGGGGAAACACCTTTTAAGTGTCACCTCTGCAACTTTGCATGCCAAAAAAGAAGAGATGCGCTCATCTCTCTCAACAACAACAACGGAGGAAAAGGAGGAAAAGAGAAAGATAACCAAGTTTCGGGGCTTTTGCAACATCTGCTATAAAAAAACGGCCCAGAGACTCGTGTTTAAGGACCACCCCTAAGGTCCTGAGCCAAAGATTTATGTATAAATACGATGCCTACTTGTGTTCAGTAGGAAAGACTTCCCACGTGGGTTCAGAACGCACTTCTGAAAACATCTGGACACCCATATTCTGATAAAATCGGGTAACCTCTGCTTTTGAGGACGCGATTTTGTCCCTGGCGAAAATCGCATAGCCTATATCCGAGACGCAATCCTGGAATAGCCGGAAAATCGTCTGCCTGTTTCCCGACTTTCCTGCGAGATGCCTGGTGCTTGGAAGGCTTTCTCTTACGCACAGGGACGGTGTGTGTTTCTGACCTCAACGTGCTTGATAATGGTGGTGGTCCGGAGTCTTTCCCACAGTATCAGTTGAGGAAAAAGCATCAGTCTAACAGAGGATTCGTACAGAAACAACAATACTTGCGATGGTCCGAGGACTTCCAGGGCGTTGGTTGGTTTCTCCATAAGCTGAGCCAGCAGATATTGAAGAAAGAAAAAAGGGAAAAAAAAAGAAAGACAATAATATTCCCCTTCAGACTGTGGCTACGCTTTAGCATGTCTCTCATAACAACAACGGAGGAGGAGGAAAGAGAGCGAGCATGTCCAAAAACGTCAGACTCAAATAGACTGTTCACAGCAAGCTTAGGTGATTATTATAGTTCTTCACGTCCTTTGCACCGAAGATCACACAAACCGGTCGAAAATCGGTAC
read48	CGGGGGGAGACCAGGGTAAGCAAAATGAGCTTGCTGATACACCGGCAGGGAAATCAACCTCGTTGACGCCCATCTGAAATCCGAGCAGACGGGGAGGCTTCTACGCGCAGAATTCCCAAGTCCTGTTGTCAGAAACAGCATCTATGATAATACCCAACCTGTGCTTCCGAATGGAGGAAGGGGCTTCTGAAGTCTATAGTAACCCTGGCCTGGGGGAAGAGAAAAACAAACCTGGTATTGTTTACGCGTCCCTCAACCATTTTTCAGTTATCGGACCGAATTCCAGACTTGCTCGGAACGTGAAGGAAGGGGCTCCGACTGAACATACCCGTATCTGCGTAAGGTCAAATTTCTCTCAACAACAACAACGGAGGAGGAGGAAAAGAGAGAATTTCAATGCTTAATGGGGTTCATAAGCGAAGCCATACTGGGGAACGCCCACCCAGTGGCCCTATCTGCGGCCTGGTGATCAAGAGAAAGAGCTACTGTAAGAGACACTTGTTTGATACACACAGGGGAAGAACCTTTTTTTGAGTGTAACCTCTGCAACTATGCATGCCAAAGAAGAGATGCGCTCATCTCTCTCAACAACAACAACGGAGGGGGGGAGGGGGAAAAGAGAAAAGAGATGAAAAAGAATCCATTCGCGAATCCGGACTTTGAAGAATTCGAGATCTTGTAAAAACTGAGTACCATGGAAATTTCAGTGCCAGGTCCCCGGGGTCAGCAAAAAGGGGCTTGCGGAAAGCTTGCAACCCGATAGAGTGAAGACTTTCTTGGTATTCTGAAATACCCCCAAAAGGAGGGGAGCACTCGGGGAGGTATCCGGCGCAATCCCCTTGGGTAACCAACATAGCCCCTACTGGGCACCTCCCCTGCTACACTCTTAAACCCGTAACA
read49	AACCGCAGACGACGACGGGAGAGGGGACGAGACCTTTGTTCACTGAGTCTTGGGGGGATTCTCAAAACGGCTCCCAACAATTACCGCTCTCCGATTTCTACATACCAACCCAACGAATCAAGCATGGACGGACACAAGAGAGGATATTTATGTAAACTATCCTACCTTTTGTCGGCGACCAAAGCTAGGGTAATCTCTCTCAACCACAACAACGGGGGAGGAGGAGGAAAAGAGAGAGATAAGACCAACATTAGAAGTAGCACTCGGGACTGGAAAGATCAAAGTTCAAGTGGGAAAAAAAAAGATCCTCAAGACCAAAATCTCTCTCAACAACAACAACGGGGGGAGAAAAGAGAGAGAGCTGCGTGCCCGAGATCTGCGGCTTCACATGCAGACAGAAGGCCAGGCCTGACTGGGCACATGTAGAAGCACACAGGGGAAAAACTTTCCAGTGTTATCTGTCCAACATGCCTGTCAGAGGCGCGAAAAAACTTTGACGGCTCATCTCCCCCGCACTCAC
read50	AGCCGGACGCAAGAAGTTGCTCTATATTTTCCCAAGCAAGCCTTTTTATGACACCCGTCCAAACGACACAAGAAGAGGATGGTTGCTCTTGCCGATTTCCAGAGGAAGAAGTAGCGGTTGCGAACGATCTCTCTCAACAACAACAACGAGGAGAGGAAAAAAAGAGAGAGATTTGCATGCGAAATAGGCCCCGGCTTTTTTACCTGCCGCCAGAAAGGTAACCCTCCTCCCCCACATCAAACTGCACGGAGGGGAAAAACCTTTTCAAGTGTCATCTGTGTAATTATGCCTGTAGAGGCGCGACGCTTTGACGGGGGTCAAACTCCGCACTCACATCTCTCTCAAACAACAGCAACGGAGGAGGAGGAAAAGAGAGGAGATATGGACAACGAGGGCGTGATCTACAGCGACCTGAACCTGCCTCCTAATCCTAAGCGGCAGGTGCGGAAGCCGAAAGGGCAACAAAAATCAAACCTTGCCACCGAGAACGAGATCACCTACGCCGAGCTGAATCTGCAGAAGGCCAGCCAGGACTTCCACGGCAACGACAAAAAAACCCCCTACCCACTGGAAGGACCTGCTTAGCTCTCTGGAGAAA
read51	CACAAGATCCCCAGCGGCGGATCAAGAGCCACTAACGAACCCAGGGGTCGTCTCGACCCAATCCTAGGAGTTCACCTACAGATACCCGACTCCAGACATTTGGAGGAACTTCAAACCCGTTTATGTCAATGGGTAGGAAGCCGTCGACGTTGACGTCGTATGTTCCCCAAGTCGGAGTATGCAGCAGCCCGAGAGTTCTGCGAATATCAGAGCACTTCTGGAGAAGAAGGACTCAAAACAAGTCATATATTCCTCCGTGGAAGATTATCATCCTCTCGCAACAACAACGGAGGAGGAGGAAAAGAGGGAAAGATTTCCAGTGCAACCAAAAGTCGCGCCAGCTTCACACAGCTGGGCAACCTGGCTGTGACACATCAAGCTGCACACAGGGGAAAAACCCCCTTTCAAGTGTCATCTGTGTAATAATGCCAAGTCAGAGGCGCGACGCTTTGACGGGTCATCCCGCACTCACATCTCTCTCCAACAACAACTACGGACGAGGAGGAAAGAGAGAGATCTTTACTGCAATCAACGGAACCGCCCCGGAGGGTGTGCAAATGTCAACGGCCCGTTGTGAAAAGTGGGGACAAACCGTCTTTGTCCGCTCGATATATA
read52	AAGTTTGCTTCCACCTGATGCTGCTGGCTGGCGGTATAAAAAAACGGTCGAGTGAAAGTATATACGATGCCTTGTTTCATCTATTTTCTCTCAGACGAGGCTTGGGTTCGCAATAACTCGACAAGAATCTTGAGGAGGGCGTACCCCCCCCCTTTCAGTGTGCTTGCACTATAGAGATTTTTATACCGGGAGTGGGGGCTATTTTACGGGAAACATAATCCATGAGGGCTTTCACAAGAGCCGAAAGGTGATCGCAGTCGTATCAAAACATTTTTTCCGAAGAAGATGGTTTTTTATTATCGAATACGAAATTGCACAGACCAGGGCCAATTCCTCAATTCCCGCGCAGGCATAATCTTCATAGTGCTCCAAAAGGTGGAGAAGACGTTGCTTTTTGGCACAAGTGGAATTGTATCGGCTGCTTTCAAAGGACTACCTACCTTGACTGGGAGGACTCCGTCCTGGGTAGACACATTTTCTGAACGAGACTCAGGAAGGCGTTGCTTGATGGTAAAAAATCTTGGAATCCAAGAGGGTACAGTAGTTTTTACAGGTGTAACTGGCAGGAGGCGCCTCCATTTTCATCTCTTCAACATCAACAACGGAAAAGGAGGAGGAAAAGGGAGAGTGATTACCTGTGCAAGGTGTGCGGGCAGAGCCTTCAAGAGAGTGAGCCACCTGACAGGGTGCGCTAACAGAATCCACACAGGGGAAAAACCTTCAAGTGTCATCTGTGTAATTATGCCTGTTTTAGAGGCACGACGCTTTGACGGGTTAATCCCGGGGCAGTCTCATCTCTCTCAACTACAACAACGGAGGAGGAGGAAAAGAGAGAGTCACCGCAGGGGGGCGGCAGGAAACGAATAAGGAAAATTGCATTTGTGATATCCTGTGCAAACTTCTCAGCCCAAACTCGAACTCGTCGGACTCACGGCCCAGGGACGGTCTTAACTCAACTGAGAAGCGGGGCCGCCGTAAACAGAGGCCTGTAGCCGAGGAAAGAGGTCTTATGTCCCAGCCGTTGGGATGGAGATGTGTCACAGTGTCGCGGGGCCCGCTTACCCCTCGAGTCTCTCCCGCTTCAGATGGCGGGTCCCGGCACGTGGCCCGAATAGCCCTAGAGACTGCCCGAACCGCCGCGTATGAACCGAACATACAACAACAAGATCGAAAGAAAATTTACATTATGAAAGCGGATACAGTAATAGTCGGAACCGTCAAAGCCGTGCTTCCCGAGGGCGCGGTCTGGCAGGCCCCGCAGAACCCGAAGTGGAGGAGTAACTCGAGGCAGACCACACTCCGACATTATCCTGAACAAGAAACAGAGCCTCCCCTGGGTAGTTGTTCCGACGTAATGCTTAGCGTTGAAGAGGAGGGCAAAGAAGACCCACTGCCAACGGGGCGGCCTCCCCCGGCAAA
read53	TTAAATGTCTTAATGGTTCATAGCGAAGCCATACTGGGTGAACGCCCATTCCAGGGGCAACCAGTGCGGCGCAGCTTTCACACGAAGGGCAAGCTGCTGAGACACAGAAGCTGCACACAGGGGAAAAACCTTCTAAGTGTCACCTCTGCACCTTGGGGCATGCCAAAGAAGAATGCGCTCATCTCTCTCAACAACAACAACGCAGGAGGGGAAAGAGAGAAAGAAAATTTTTTGACTAGGAAGAAAAGGGCGCCCCAGTGAGAATAAAACACAGCCCGTCGAAGGAGATCTGCGGCGCAAGAGCGCGGGCCAGGAGGAAAAATGGTCCCCCAGCGCTCCAAGCCCTCCTGGCTCCTGCGTCCAGGCAGAGGCGGCACCGGCTGGACTGTGTTTGGGGAGCCCAAAGAGGCGAAGATTGCACGGAACTGCCTGACTATTATAACGTCCTGAGCTATTGGTCACTTCGCAACTTTGCTCATTTTTTTACAGAAACCGAATCTCTCTCAACAACAACAACGGAGGGGGGGAGGTAAAGAAGAGATAGGCTCAAGACGCATTCCCTTTGGAGGGGTGTGGAAGAAGATCTGGGCGGTCCCAAGCCCTGAACGAGTCTTTATGCGTTGTACAAAGGCTGCTCTGTCGATTTCAAAAAGGGGCCGGGGCGCGCCCCCGTTTACGGGGAGATCCCTTTTCGAGCTTGGACCATGGTCCCCCAAGGTACCCAGCACGCTCCAAGTCTACAGTTGCCCCCCACCTAGGAGTCCAGCTAAGAGGTTCAGTTGACCGTGTTGCAGGAGCAGGCAGAGCTGGTGAAAGGCGATGGTGTTCCAAAAACACTCCCTTTTTGGCCAAAGCACAGAATAGTGGGGGAAGCGCGTATAGTGAGGAGCGAGACAGGGACCATACGGGTTGGTCTCAATAGATACAGTCACGGTATTGGACGCCCCTGAAGGCCTTGTACCTGGCCCTGTAGCTGCGGAGGATGACGGCTACCAGCTCTCGATTTGGATGCCGGACTGGAACCGTCTCCTGGTTGGAAGTTTCCAGTGGGCTCGATGCAGAAACAACCGTCTTGTCTTGTGGGTTGTGTTAGTGCCGGAAGGGCCCTGGCTTGGGAGGACCCCCCTTGGGTTCTTTGCTTGACAGGCTCAAGCCCCCCATTGGCAGATGGGGAGAATGGGCTGGGGACTTCCCTTTGGGGTGGAATGTCTCCCCTGGGGGTGTCATTGAAAGCGAGGCTGGATCTCCTCTGGCCGGAATGGATTATGGACACATTTGATTCTGGGTTTGTAGCATCAGATTGCAGCTCTCCTGTAGAGTTGAATTCAAAACGAGCCCGGCGACGAGGGGCACCCTCGGTCATATCTCTTGGGGCAATGGGTAGTTTACCTCCTCCCCTGTCCTCACCTGGACCCCCCAAGCTAGC
read54	CGGAAACGGTGGCAAAATGAGAAATTTTTGGGCCCCTTGATGCGGGAGACGAGTATGAAGACGAAAATCTTTAAGAAGGACCCCTCAACCCGGATGACTTTCAAAAATGTACGAAGAGCTTAGCAAGGACTGAAGGGGACATACAGGACGTTAGCAGCCTTAACATAGGGATGTTCAGTTGGGAAAGCTATCTCTCTCAACAACAACAACGGATGAGGAGGAAAAGAGAGAGATCATTGTCACAGAATTACCCCCGGATCTTATGATTCCATGTCTTCAGACTCACTCTTCCCAGGGGGATTCAGTTTAGGTGACCGACACAGTGGCACCGTGGCCTCCTCATACCCCTTACGTGACTAGCTACCCCCCACTTAGTCAGTCGGATTTGCTGCCGATACCCAGGAGCCCTCAACCTTTTTGGGCGCAGTCAACGGGCGCCCAGCTCTTCGGATGTATAGCGATGGGGCTAACAGCGTGGCGTCATACGAAAACGAGGGCCCGCTTGCGAGGATGCCGATGAGGACGAAGACGACTACCACAATCCAGGATACCTCGTTGTTCTGCCAGATAGTACCCCAGCAACGAGTACAGCAGCACCTTCAGCGCCGGCCCTTAGCACGCCGGGCATTAGAGACAGTGCCCCCTTCAGCATGGAAAGTTTTATAGACGACTATGTCAACGGCCCAGAGTCGGGGATCGGCCCTTGAAAAAGCCTCATTGGACGGAAGGGCCGCGAATATGTAAATGGGGTCTCCCATGAGGTTCATCAGGGGGCCAGGACAGAACCAGCTGCATTGTTCTCTCAGGAAGCGGAAGGAGGTAGAGGAGGAGGGGGGTGCCCCCCAAGACAATGAAAATCTGCAGGGAGTTGAATATCTCTCTCAAAACAACAACAACGGAGGAGGAGGAAAAAAGAGAGAGATTTCAATGTTAAATGTTTTTCAAAATAAGCGAAGCAATTTACTGGTATCGCCCATTCGTGTGCCCCCTAGATGCGGCAGAGGCTTCATGCAGCCTAAGAGCCTGCCAGACCCCATACACTGCACAGAGGGGAAAAACCTTTTAAGTGTCACCTCTGCAACTATGCATGCCAAAGAAGAGGGATGCGCTC
read55	TTCAATGTTTTAAGGGGTTTTGTTAAGCGAAGCCATACTGGTGAACGCCCACTGCAGTGCGAGATCTGCGGCTTCACATCCAGACAGAAGGCCAGCCTGAACTTGGCACATGAAGAAGCACAAAACAGGGGAAAACCTTTGAAGTGTCCACCTCTGCAACTATGCATGCCAAAGAAGAGATGCGCTCATCTCTATCAACAACAACAACGGAGGAGGAGGAAAGGGAGAGATCACTCCGACCCCTACCAGCCACTGGGAACTGAAGACCAGAGTTTGTAGTGGGACTCCGCTGTGTTAGGTACTGTTGCTATTTTATTGTCTTACCCTGGAGTCAGAGGAACGGGCCCACCACCCCCATTTCGAAATACTGTTCATCTCTCTCAACAACAAAACGGAGGAGGAGGAAAAGAAAGAGAAATGCCGCGAGCCTGAGTAAAAAATCTTTAAAAACGAAGCCCACTACTACCGGGGTCTATGTCAAGATGCCACCCACGGAGCCCCGAATGGAAAAACAATTCCAGCCCGACTTCCTCCCCATCAAT
read56	CAGCTTCGGCGACGGGTAAGACGAATCATATCCGGGACAACAGTCGAAAAGAAATCTCTTATTATCTAGGCACAGGTCCAGATGCCCGGCCCGCTGCAAAGAAAAAATTGACTATTCCCCGCGCAAGATCCCCTTGCACGACGATATATGTAGCCCCCGCAACTGAACCAGTACCTGAATCTGTGCAAGGGACTAATTCCATTACTGTATATGAAGTGTTACTGCCCGAATCCATCTCTCTCAAAACAACAACAACGGTGGAGGAGGGGAAAAGAGAGAGATTTGAATGTCTTAATGGTTTTTCATAAGCCCCCCCCCGAACCCATACTGGTGAAAACGCCCACTGCAGTGCGAGATCTGCGGCTTCACATGCAGACAGAACGCCAGCCTGAACTGGCACATGAAGAAGCACCCCACAGGGGGGGAAAAACCTTTTAAGTGTCACCTCTGGCAACTATGTATGCGAAAGAGGAGATGCGCTCATCTCTCTCAACAACAACAACGGAGCAGGAGGAAAAGAGGGAGGGATCTCACTGCTGTTGCTCCAATAAAAAAAACGCTGCCGTTATGGATTTTCAAGATCCTGTGGAGATCGGACCGTAAATAGAGAAGACCAGATGATCAAGATCCCCCCCAAGAAGTTACCTATGCACAGCTCGATCCCTGTGTGTTCACCCGCAAACGAAGATTAACGTCCCCGCCCCAGAGACCCAAACTCCTCCGACCGATCTACGATGTATATGGAACTCTCTAACCCGCGAAGCCGCGCAGCTTGAGCCCGGCACATAAGCACCTTTCCCCCGAGGCTCTCAGAGCCCCTCAAGCAGAGAGACTGCGGGCCCTCTCTCAGATAGAGTAGCCCCATCCCACGTTTTCCCTGCTGCTGGTATT
read57	GAGCTTCGGCGAAACGGGGTAAGACGAGTCACTATCAGACAACAGTCAAAAGGAATCTCTTACTATCTATGCACAGGTCCAGAAGCCCGGCCCGCTGCAAAAGAAAATGGACTCACTCCCCGCCCCGCAAGATTCCCTTGCACGAAAGATATATTTAGCCGCCTGAACCAGTACCCTAATCTGTTGCAAGTGACTAATTTCCATTACTGTATATGCAAGTTTACTTCTCCCCGGGAATCCAAATCTCTCTAACAACACAACGGAGGAGGTGGAAAAGAGAGAGATTTCTCCAGTGTAATCAGTGTTTTGTGGACTCTTTTACCCCTCAGACAGGTAACCTCCTACGCCACATTAAACTGCACACGGGGGTGAAAAACCTTTCAAGTGTCATCTGTGTAATTATGCCTGTCAGAGCGCGACGCTTTGACGGGTCATATCCGCACTCACATCTCTCTCAACACAACAACGGAGGAGGAGGAAAAGGAGAGATCGCAAACGGACCCGAGAACGAGCTTCTACGGCAAGCACTTGGGAGGACCGGAGGAGGCGCAACACACAGACATTG
read58	CACGAGTGCAAGCCTGTGCGGCGCCAAAAGCTTCAGAAAATGGGCGCCTGACCAGACACCACAGAAGACACACAGGGGAAAAACTTTTTTCAAGTGTCATCTGTGTAATTATGGCTGTCAGAGGCGCGACGCTTTAACGGGGGTCATCTCCGGACTCACATCTCTCTCCCAACAACAACAACGGAGGAGGAGGAACAGAGAGAGATAAAAGGAGAAATTAAAAAACGATAGTATGGCCATCATGCCGGAAAAAAAAGACGCTGGAGCATCTGTGCAAAAACAGCCGCGAAAAAAGAACCTGAACGTAAGTTTCAATCCAGAGTCTTCATGGAAACTGCCAAATCCATCGAGTAGACGACATCCAGGCGAGGGACGAAGTCGAAGGGTTCCTTCAAGACAAATTGCCTCAACGGTTGGAAGAGTCAGAAAACAGAGGCTAGGCGGGGCGATGTCCAATCACCGAACTGTCCATCTGAAGATGTCGTAAAATTACGCCTGAAAGTTTTGGCAGAGATAGTTCCCTTACTTGCCTCGCTGGCAATGTGAGCGGGGCATGTGCCGCCCCCCCTATCCTGAGGTTCATCCCAGGAGGGGCCCGATTGCAGAGAGAGGCGGAAAGAAACGCCCGCACGTTTATCAAGATTTTTGCTTCTCAGTCTCCGCACCATGATTCCCCGCTTCCACCTCCTTTTTTTTCTCTCCATAGCGGAATCCGACATGAATCCCGTTGCGCAATGGCAGCCCCTATCCAGAAAAGTTTGGGGGGGAGCAATCAAAAGGAGGAACCGTATGTACTATGAGCAGTTTCTACCAAAATCAGATCTCTCTCAACAACAACAGCAGAGGAGGAGGAAAAGAGAGGAGCCAAGTTTCGGGGCTTTTGCTTCATTTCGCTATAAAACCGCCCAGCGTCTCGTGGTTTATGGACCACCCCCAAGGGTATGAGCCAGATATGTATAAATACCCCGATGCCTACTTGTGTTTCAGTAGTAAGGACTTCACGGGGGTTCAGAACGCACTTCTGAAACATCTGACACCCAGTATTCTGTTCCAAAATCGGTTTAACCTCTGCTTCGAGAACCCGCGATTTTTTTGTCCCTGGCGAAAATCGCATAACCAATATCCAAGACGCAAGCTGGAATAGCCGGAGATAGTCTGCCTCGTTTCCCGAATTTCCTGAGGGGAAAGAGGCTGGTGCCTGGAAGCTTTATCTTACGGAAACAGAGGGGTCGGTGTCTCTCTGAAACCTCAACAGTGCTTGATAATGGTGGTCGTCGGGAGTATTTCACAGTATCAGTTGATGAATCATCAGTCTATAAGAGGATTCGTACAAAAAAACTATACTTTGCGATGGCCGAGGACTTCCAGGACGTTGGTTGGTTTCTCCATTTAAGCTGAGCCAGCAGATATTGAAGGAAAAAAAGGAAAAAAAGAAAGACAACTGTATTCCCCCTTCAGAACTGTGGCTACGATTAGC
read59	CTCAGGAAACGAAGGGATGGTCTCTCATTGCAAAAAAAAAAAAACTCAGCGCACGCAAGGTCCTGCGAACCAGCGCGAAAAAACCTTTTCGAATATGTTAGGTTTCTCCCACTAATAATACCGGTATGCGTCTGTGACCCATTCAAACCGCGAGCCGGAAATAGGACACCCCGCGAGAATACACGATTACAATATATCCACCATCAAAAATCCCACTCTAAAGAATCTAAACCAACCTTTTCTGGGGCCCCACAGCACGTGATGATGTGTTCTCTGTCAACAAAAACAACAACGGAGGAGGAGGAAAAGAGAGAGTCTTCAAGTGGTACAGGCACTCAAAAGAGAAGATTCAAAATCTGTCACTCATCAGTCTTGCTAATCTTCCACCATCCGGGCTTGCGAATGCTGTGCCCGAAGGAATCAGAAGTGAAAAAATAACATATATACGATCGAAGAAAATGTGTATGAAGTTGGGAGATCCGAACGAATATTACTGCTATGTTAGTTCCCCCGCCAGCAGCCCTCTACCCACTCGGATGTGCTTCGCCATGCCTATCTCTCTCGACAACAACAACGGAAAGGAGGAGGGGAAAAGAGAGAGATTCAATGTCTAATGGTTCATCAGGAGCCCCCATACTGTGAGCGCCCATTCGTGTGCCCTAGATTTGCGGCAGAGGCTTCAGCCAAGCCCAAGAGCCTGGCCAGACACCCCCTGAGACTGCACACAGGGGAAAAAACCTTTTTAAGTGTCACTGCTGCAAATTTACGCCTGCCCCAAAGAAGAGATGCGCTC
read60	CACAAGATCAGCGGCGAATCCAGTGCCCACTAACGAACCCAGGCGTGCGTCTTTACCAATCCTCAGGAAGTTGACCTACAGTTCCGCGACGGCAGACATGGAGGAACTTCAACCCCCGTTTATGTCAATGGGGTAGGAAAAGCGTTGACGTTGACATTTCGTATATTCCCAGTCTGGAGTTTGCAGCAGCCGGGAGAGTTCTGCGCATATCCCCAGAACACTTCTTTTGGAAAAGAACAAGACTCACAAGTAATATATTCCTCCGTGAAGAAGAGCATTCTCTCTCACACACAACGGTGGAGGAGGAAAAGAGAGAGAATTTCGAAAGAAACGCTATAGTGCAAACAGCACTCATCCGGTTTAAAGCGGCGCAATTCGCGCCGCCCGGAAGGCAAATGATCGGGGCCATTCGGAAAAACGACAACTTTAAGAAACCAACAATGACTACGAGACATCAGATGGAGATACATGACGCTCAACCCAAACGCGCTCCGACGGACGACGATAAGAATATCTATCTAACGCTTTCCCCCAAACGATCAAGTAACAGATTAATATCCTCTCAACAACAACAACGGAGGAGGAGGAAAAGAGAGAGATCTCCCCAGTGTAATCAGTGTGGGGACTCCCTTTTACTCAGAAAGGAACCTCCCTCCGCCACATTAAACTGCACACAGGGGAAAAACCTTTCACGTGTCATCTGTGTAATTATGCCTGTCAGAGGCGCGACGCTTGACCGGGTCATCTCCGCGGTCAC
read61	TAACCAAAACTGGTGCCGCAAAAGAAAAACGCGGCGGTATTGGACCAGGAGCCCGCAGGTGACAGAACCGTTTTAAACCGGCAAGACTCCGACGAGCCCCAGGACCCTCAGCTAGTCACTTATTTTGCTCCACTCGATCATTGGCGTATTCAACAACGGCAAAATCAGCGCCCATGTCAGCGCCCTAAGACCCGTTGGCCGACACATCTGTCATACAGAACTTCAAACGCTGAGCCTCGCAGTAAGTCTGGCCTTCCGAGAGCTCCACAATCCGGGTTTTTGAGGGGGTCTTCATCTCTCTCAACAACAACAACGGAGGAGGGGAGGAAAAGTGAAAAGAGATCTCAATGTCTTAATGGTTCATAAGCCATGCCATACTGGTGAACGCCCATTCGCATGCGTGATCTGCGGCAGAACGTTAAGAAACAGAGGCCTGATGCAGAAGCACCTGGAAAGCACCCACACAGGGGAAAATCCTTTTAAGTCTCACCTCTGCAACGATGGGGCAGCCAAAGAAGAGATGCTCTCTCTCTCTCAACTACAACAACGGAGGAGGGGGAGGAAAAGAAGGGAGATAAGACCAACATTAGAAGTAGCACTCGGGACTGGAAAGATCACAAAAGTTCAAGTGGAGAAAAGATCCTCAAGACAAA
read62	TTCAATGTCTTAATTGTTCATAAGCGAAGCCATACTGGTGAACGCCCAAAATTCCAGTGCAACCAGTGCTTCGCCAGCCCCTTCACACAGAAGGGCAACCTGCTGAGACACATCAAGCTGCACACAGGGAAAACCTTTTAAGTGGTACCCTCTGCCCAACTAAATGCATGACAAAAAGAAGAGATGCACCCCTACTCTCTCTCAACAACTACAACGGAGGAGGAGGAAAAGAGAAAGAAAGATATAAAGAATTGAGGAAAGCTCACGTTATTAGGAAGAATGAGAATGACGTTTTTTCAGAGCACACACTGGAGAGTTATGGTCCAGATCAATAATGAAGAACCACTCAGGGAAGAGAAAAAAATGGACAGAAGTTCACACCCTATGCGCTGTATGAATTATATAGCAAGGGCCCTCTACTCCGAAGCGAAAACCAAGCGAAAAAGAGAACGTGCAGCATTCCAAGCTTGAAGAGAAACACATTCGGTTCCCGAATCCATTGTAAAATCTCTGTCAACAACAACAACGGAAAAGGAGGAAAAGAGAAAAGAGATTTGGATAAGGACGAATCAACAGCGGGGCTGGAGGAAGATCATACATATGAGGGTCTTGATTAGATCAGACGGCGACCTATGAAGAATCGTTACCTGAAAACAGGAGAAGTCAAAAGTGGTCAGTCGGGGAACATCCTGGACAGGAG
read63	CGTAAACGGACCCGAGAACGAAACTTCTAGGGCAAGCACTTGGGGGGAGGCCGGAGGAGGGGCTCAACACAGAGACATTGATCCCTCTCAACAACAACTACGGAGGAGGAGGAAAAGACGAAGATTTCAATGTCTTATGGTTCATAAGCGAAGCCATACTGGTGAAAACGCCATTCAGTGCCCCCGATGCGCCCTGGTGATCAAGAGAAAGAAAGCTCTGGAAGAGATCTGGTGATCCACACAGGGGGAAAAACCTTTTAAGTGTCACCTCTGTAACCTATGCAGGCCAAAGAAGAGATGCGCCCCTCATCTCTCTCAACAACAATGACGGAGGAGGAGGAAAAGAGAGAGATTGGAGACGGAACAGAAAGGAAGGCAATCCGAAAAAACTTCTCCCAAGGAGTTCCTCACCATTTTTTACCAAGATGTAAAAAGACCTGAAAACCAAGACGGGGGAATCACGAGAAAGAACAGACCTTCCCTGGCGGCGGGTCAAATATCTACTCAATGATCCAGAGTCAAAGTTTTTCTGTTCCAACTAGCCAGGAGCCGGCGAACAGCTTTACCAGCCTCATTCAACCTAGCCGCAAAAGCGGCAGCCAGGAAGAGAAATCACAGTCCCCTCATTCAACCAGTACAATCCATGAGGTGATTGGCAAGTCTCAACCAAAAGCCAGAACCCCGCGCGACTTTCCAGGAAGGAACTTTCAGAACTTCGACGTATACCCTCC
read64	CATGAGTGCAAGCTGTTCGGCGCCAGCTTCAGAACAAAGGGCATCCTGATCAGTCACCCCAGAAGACACACAGGGGAAAAACCTTTCAAAAGTTCATCTGTGAATTATGCCAGTCAGAGGCGCGACGCTTTGACGTAAAATCATCTCCGCTCTCACAATCTCTCTCAACCCAACAAAAACTGAGGAGGAGGAAAAGAGAGAGATAAAAAGAGAATAAACCGATAGTATGGCCATCACTTGCCGGACCATAAAAAGACGCTGGAGCATCAGTGCAAAAAGCCGGGCGGAAAGAACCTGAACGTAAGTTTCATCCAGTGTCCTTCCCCTGGTCTGCCCCAAATCCATCGAGTAGAAAACGACATCCAGGCGGGAGAAGTCGAAGGGTTCCCCTTCAAGACACATTTCCTCAAACTGTAAGAGTCAGAAAAACAGAGGCTTGGGGCGGCGATGTTCCAATACCTAACTGTCCATCTGAAAAAGATGTCGGGGTAATTACGCCTGGGAGTTTTGGCAGAGTAGGTCCCTTTTTACTTGCCTCGCTGGCAATGTGAGCGCATGTGACGCCCTATCCCCTGAGTTCATCCAGGAGCCGCAATTGCAGAGAGAGTGGAAAGAACGGCCCGCACGGTTATCATGATTTGCTCCCTCAGTCACGTCACCACGAATTCCACGCTTCCACCTCCCCCTTTTTTTCTCTCCAAAGCGGAATCCTGACATTGAATCCAGTTCCGCAGGGCAGCCTATCCCCCTGAGAGTTTTGGGGAGCAATTAGGAGGAAGAGTATGTTACTATGAGCAGTTTCTACCAAAATTTCAGATCTCTCTCAACAACAACAACGGAGGAGGGGAAAAAAAGAGGAGATGGCCAGGATGGGGTCAGGCAGTCTCGCGCCATCAGACCAGCAGGGGACGCTCCTCCCAAACGATTTGAACTTTATCAGGCCGCTAAGGATCGGGAGATGATCAATACTCTCAGCTTCAAGGAAATCAGTTGCGAGAAAT
read65	TGGTGGCGAAGACCAAAGGTAGTAGGCTCCATGTAGTGTTTTATCTCCCCTCCTCAACCAACACAACGGAGGAGGAGGAAAAAGAGAGAGATTACCAGTCCAACCCAGTGCGGCGCAAGCTTCCCCAGAAGGGGCAACCTGCTGAGACACATCCCCAGCTGCCCAAACAGGGGAACAACCTTTTCAACTGTCATCTGTGTAATTATGCTGTCAGAGGCGCGACGCTTTGACGGGTCATCTCTGCACTCACTTCTCTCTCAAAACAACAACGAAGGAGGGAGGAAAAAAGAGAAAGATAAGCAGCAACGGAGATGGAAACGCACCCAAAGTCACAGGGATTGCAACAAAATAGTTCCGGTCAGAGTTTCTCGTACGGAACAAAAAGGTCAGACGGGCACCGCTCTCAGAAGGGCTCACTCTTTGGGTTGCTACCATCCGATGATGGAGGATGGAAAATTAGTTATACAACTTTTCTCAGATTTCCAAAAGAGATTCAATTTCCCCCCCCAAACAGGAGACGCCGAGTCTAGCGGAGATCAGGGACCCCCCCCAGACTGCGACGACACAGTAACGTATAGTGCCCTCCATAAACGGCAATTCGGGAGACTGTGAAACGTAATCCCTGATTTTCCTGAAGACGAGGGAATTCATTATTCTGAACTGATCAATTCGGTGCTGGAGAAACGTCCTCCAGGCACAAGAGAACGTGGACAAAACGTCATCTTCAAGCAC
read66	AAAACGGGACGCCAAGAAGTTGCTCTATATTTACAAGCAGCCTTTCATGAGACCTGTCCAAACGAACAAGAAGAGGATGGTTTTGCTTTTCTTGCCGATTTCCAGAGGAAGAAGAGGAGGTTGCGAACTGATCTTCTCAACAACACAACGGAGGTGGAGGAATAGAGAGAGGATTTCAATGTCTTAATGGTTCCCATCAGCGAAAAAGCCATTTTACTGGTGAACGCCCATTCCAGTGTAATCAGTGTGGGGACTCTTTTAATCAGGAAGGTAACCTACTCCGCCACATTAAACTGCACACAGGGGAAAAAACCTTTTAAGTGGCAAAGCTCTGCAACTATGCATCCAAAGAAGACATGCGCTCATCTATCTCAACAACAACAACGAGGAGGACGAAAAGAGAGAGCTAAGAAGTCTTCCCCTCCAAAAAGGAGGTGCAGCAACTCTCTGTGAGCTTCAGTTCACTTTTCACATCAAGGCACTGCAAAACGGCATAGAAAAAAAGGAGGTTCAAGCCGAGGACAAAATATATACAACGAAAACAGCCTGTTTTATGCCACCGAC
read67	CATCCCTGTGGCGGCGACAGTGGCGACCGCGCAGATTTTCTGCACTCGAAAGGAAATCCACTCGACCCAAGCGCAGTCAAAAATTGAAGATTGGGGGGGGGAACAAGAGCCGAACCGGAAGACGGAACCCCGAACCAGAGCCTGAACAGAGCCCGAGCCCGAGCAGTTGATCTCTCTCTACAACAACAACGGAGGAGGAGTAAAGTGCGAGATTTCAATGTTTTCTTAATGGTTCATAAGCGAAGCCAACTGGTGAACGCCCATTGCAGTGCAAAATATGCCGGATTTACCTGCCGCCAGAAAGGTAACCTCCTCCACAAATTAAACTGCACACAGGGGAAAAACCTTTAGTGTCACCTCAAAAGCAACTATGCATGCCAAACCCAAAGATGCGCTCATCTCTCTCAACAACAACAACGGAGGAGGAGGATAAAGAGAGGGGATCACTGATGGAGGAGACGCAAATCTGGGCCCTGGGGGTTTTGGGAGATCAGACAAGACTGCCCCCTGCTCCAGGACCACGAGAATCCAGTCACTCCCTAGGGGTCCTGCCCCCAAGTAGAGCTTCAAAGCCTCTACGTCGATGTTCCATCCTAAGAAAGGTGAAAACTTGTTTATCAGAATACAAAACTCCGCAGTTTGGGCGAAGAAGAAGAGGGCCAAACACATCCCGAACCCTGCTTGAGGACGAAGACGTTTCTGTGGGGTCTACAAAAGTGAAGTGAGGACACAGCATCCTGATAAGTCCAGCGGGCAAAATATCTTAAAAGGACAGGAATCT
read68	GGGGTCGTCGCCCTGTTTACTGTCGCAAAAAAAAGAGGAGAAGTGCTCCCCCTGGGCTACGCGAGTGCGCGAAATGGGCGAAACCCACTTCCGGAGAAACCGGGGGCGAATCTACGAGTCTGGATGAGGCAAAAACAAAGTAGGAGCCGAGAAACTATTACTTAAATAGCCTCCTCATGCACCCAGATGTGCTTGAGGAACCAGACAACCAGAACCGAATTATCTCTCTCAACAACAACAACGGGGAGGAGAATAGAGAGAGATTCAATGTCTTAATGGTTCATAAGCGAAGCCATACTGGTGAACGCCCATTGCAGTGCCGATATATGCGGCTTTACCTGCCGCCAAGAAAGGTAACCTCCTCCGCCACATTAAATGCACACAGGGGAAAAACCCCTTTTAGTGTCAACCTTTCTTTGCAACTATCCATGCCAAAGTAGAGATACGCTCATCTCTTGAACAAACACAACGGAGGAGGAGGAAAAAGGGAGAGGATGAGGGCTGGAGGATTTCCTTTTACTGGAACGTTAGTGTGCATCGGGTTCTCGGCTTCAAAGAGATAGACAGACAAACGGTACAATTCCGAGTTATGGGGCTGCTTATACTATTCATGCCCTTAGATAGATAAGGACTGGGTGTGGGAGAACTTTAGTTCAATGGAAAAGGAGGATCCCCAAAGTTTGAAATTTTGTCTCGAAAGAGCGGGGGATTCGAGGCCGGGGTATTCGAGCTTGAAGCAATAGTGAACTCAAATTAAAAGGTCCAGGAGGAGCAGTTTCGTTATCAAAACTCACCACCTCCTGAAGGACCCAGTTTGTAAGAGGTTCAAGTTCACCACGCAGTCCAACACGCTATAGAACAAAACCTCGATTCAATTATACTGTTTTCCTGGGATGAAATTCCAGACTATAGCTCAATCACGCTTTGTGTTCGAGGGCGGGGTATGTTTAAGTCCCATTGCATATTGCATAGGCCGGTGCTAAAAGAACGAATTGGCGTGTTTAGACATAAGCTCCCGGTGGCACTGGGGAGTAAGAAAAATAGCCTGCAC
read69	TTCCAGTGCAACCAGTGCGCGCCAGCTTCACACAGAAGGGCAACCTGTGGGACCCATCAAGCTGCACACAGGGGAAAAAACCTTTCAAGTGTCATCTGCGTAATTATGCCTGTCAGAGGCGTGACGCTTTTTTGACGGGTCATCTCCGCACTCACATCTCTCTCACAACAACAACCCCGGAAGGGAGGGAAAAGAGAGAGATTACCTGGTTCTGCCCTGGCATTTGCGAATGGTCTGTCAGTGGACGAGACACGACGAAGGGCTCGAAAATTTTTCCACTCGAAAAATTGCAAAGGGGAATCTGCAATTTCATCTTTTTATTTCTTACTCCGAACACGACTCTGCATGGGTCAAATCTGAGCTTGTTTTTCCTTACTTGGAGAAAGAAAAAGATATACAAATCTGTCTTTTTCATGAAAGAAATTTTGTCCAGGAAAAAGCATCGGGTCGAAACATATAACTGTATCGAGAAATCTTACAAATCGATGTTCGTTTTGTCTCCCAATATCGTCCAAAGCGAGTGGTTGCCACGATGAGGTTTTTTAAATTTGCCATCCCCATAACTTGTGTCACCGTAGGAAGCAACAACCTCATTTTGATCCTGCTCGAGCCCATTCCACAAAACTCAATCCCTAATAAGTATCACAAAAACTGAAAGCCCTGATGACACAACGAACGTTTATCTTCAGTGCCCGAGAAAGAGAAGTCAAACCGGGGTCTTTGTTCAGGGCGAACATTCGGGCTGCGTTTTTTAATATGAAACTGCTCTAGTCACTGAAAATAACGACGTTAAGTCAATCTCTCCAAAACAAAAACAACTACGAACGAGGAGGAAAAGAGAGAGATCAAGGCAGGGGGCGTGCAGGAAACGAATAAGGCAAAAATTACATTTGGGTGCTATCCTGTGCAAACTTCTAAGCCCAAACTCCCCGAACTCGTCGACTCACGGCCAAGACGGGGTCTTCATCTCAACTGAGAAGCGGGGCCTCCGTAACCCCAGAGCCTGTAACCGACAAAGAGTCTTATGTCCCAAAAACCGTTGATGGTTGACGTGTCAACAGTGTCGGCGCGCTTACCTCGAGTCTCTCCCGATTGAAGATGCGTCACCGGCAGGTGGCCGAGTAGCCCTAGAGACCTGCCCCCCGAACCGCGCGTTCAACCCGAAAAACCCATACAACAACAAGATCGAGAAAATTTTTACATTATGAAAGCGGATACAGATATAGTCGGGACCGTCAAAGCCGAGCTTCCCGAAGGGCCGGTCTGGCAGGTCCCGCAGAACACGAACTGGAGGAGGACTCCGAGGCTTACGACACTCCCCATTATCCTGAGCAGAAACAGTCCTCCCCTGGGTAGTGGTTCGACGTAATGCTTGGCGGTGAGGGGAGGAGGGCAAAGACGACCCACTGCCAACGGCCCGGCCTCAGGCAAA
read70	GTCGATGTCTTAATGGTTGAAATAAAGCGAAGCCATACCCTGGTGAACGCCATTGCAGTGCGAGATCTCGGCTTCACATGCAGACAGAAGGCCCAGCCTGAACTGGCACATGAAGAAAAGCACACAGGGGAAAAACCTTTTAAGTTGTCACCTCTGCAACTATGCATGCCAAAGAAGAGATGCGCTCATCTCTCTCAAAAGAACAACGGAGGGGGAGGAGGACTAGAGAGAGATACCCCCAAGTTTCAGTGTTTTGCTTCATCTGCTTTTTTAAAATTTCGCCCTGAGGCTCGTGTTTAAGGACCACCCCCAAGGTACTGAGCCAAAGATATGTATAAATACGATGCCCCCTACGTGTGGTTTCATTAGTAAAGACTTCACGTGGGTTCAGAACGCACTTCTGAAACATATGGGGACACCCAGTATTCTGATCAAAATCGATTTAACATCGCTTGAGGAACGCGATTTTGTCCCTGGCGAAAATCGCGTAGGCAATATCCCCCCAGTCGCGATCTTGGGGGATAGCCGGAAAATGTTGCCTCGTTTCCAGACATTTCCTGAGGAGGCTGGGGTGCTTGGAACCTTTCTCCCTTTACGCAAGGGTCGGTGTCTCTCTGACCTCAACAAGTGCTCTGATAATGGTGGTGGTCGGGAGTCTTTCACAGCATCAGTTATGAAGCTTCAGTCTATCAAGGATCGTACAGAAACAACAATACTTGCGATTCCCCGAGTACTTCCCCAGGACGTTGGTTGGGGTTTCTCCATAAGCTGGCCAAAGCAGATTTTATTGAAGAAAAGAAAAGGAAAAAAAGAAAGACAATAATATTCCCCTTCAAGATTGTGGTAACGATTAGCATCTCTCTCAACAACAACAACGGAGGAGGAGGGGGAAAAGAGAGAGATTATTTCTGGGCAGATTGGTACCAAGGGGGCGAGGTGCGGCTGAGGCTGTCACACGGAAACAGAGGATAACGGAAACCGAGTCTCCGATCAGGAACTTCAGGGAGGCGGTCCGATGTTTCGTTGACCTCACACCCAAAGAACCGTACTACAAG
read71	TACAGATGCAGAGCCTGCGCCAGAGCCTGCAGCAGCCTGAGCACACTGAACAGCACCAGAAGGTGCACACAGGGGAAAAACCTTTCAAGTGTCATCTGTGTAATTATGCCTGTCAGAGGGGGGCGGGCGAAGCTTTGACGGGTCAGCACCACACTCACATCTCCTCACAACAACAACGGAGGAGGAGGAAAATAGAGAGATTGCTGGCTGACCAAGAAGAAGTACATTCAAGCGTCCACGATCCCAATGGCGAGTATATGTTCATGCGAGCGGGTCTATACCGCGAAGAAAAGTCGGCCTCCCATTGACCCATGGGACCCTTGATCTCTCTCAACACCAAAACAACAGAGGAGGAGGAAAAGAGAGAGATAGGTTGAGATTCAGGTCCGCAAGCGGCGATAACGAGCTAGGAAAAGTCCGACGACGTTTATCGGGTCTTAGCACCAGGAACCAAGAGGCCTATGAAACATTGAAAACATGAAAAACCCCCCCCCCAA
read72	TTCAATGTCTTATGGTTCATAAGCAAGCCATCGTGGTGAACGCCCATTGCAGTGCGAAAAATATGCGGCTTTACCTGCCGCCAAAAAGGTAACGTCCCCGCCTCATTAATCTGCACACACGGGAAAAACTTTTTAAGTGTACCTCTGCAACGATGATGCCCGAAGAAGAGATGCGATCATCTCTCGCGAACAACAACCGAGGAGGAGGAAAAGAGATTTTTTTTTTTTAGATCACCTGGTGGTGTAGCAACAAGAAAAACGCGGCAGTGATGACCAAAAAGAGCTGGCGGGAAATAGGAACGGCAAATTCTAAGATAGCGATGAACAGGACCCGGAAGAGGTAAGTTACGCGCAGTTGGATCATTGCGTTTTCACACAACGCAAGGTCACTCGCCGAGTCAAAAACGGCCAAAACCCCTCCGGCCGACACGATCCTCTACACGGACTTCCTACGGGCCCCGAAAAACCCAGGTCATCAGTGGTTTCTGTCCCATCTCTCTCCAACAAAACAACGGAGGAGGAGGAAAAGAGGAGGATTTTACCCAGTTTCGGGGCTTTTGCTTCATCTGCTATAAAACCGGGGCCAGAGGCTCGTTTTGTTTAGGACCACCGCCAAGGTACTGAGCCAGATATGTATAAAAAATACGATGCCTACTTGTGTTGCAGTAGTAAAGACTTCACGTGGGTTCAGAACACACTTCTGAAACATTTCTGGACACCCCCCAGTATTCTGATCCCAAAATCGGTTTACCCTCTGCGTCGAGGAACGCGATTTTGTTTCCCTTGGCGAGAATCGCATAGCCAATATCCCAAGACGCAATCTGAAATAAAACCGGAAAATAGACCCGCCTCGGGGTTTCCCGATATTTTTCCTGTGCGATGGCTGGTGCTTGGCAGCTTTCTCTTACCCACAGGGTGGTGTCTCTCTGATCTCAACAGTGCTCTGATAATGGTGGTTGTCGGGAGTCTTTCACAATAGCAGTTGATGAAGCATCAGTCTACAGAGGATTCGGTACAGAAACAACAATACTTGCGATGGCCCGAGGACTTCCAGGACGTTGGTTTTTGGATTCTCCCCATAAGCTGAGCCAGCAGATATTGAAGAAAGGGAAAAAAAGGAAAATAAGAAAGACAATAATATTCCCCTTCAGACTGTGGCTACGATTAGC
read73	CACCCGGCGGTGCAGGGTAATAAGAAGAATGCAGCAGGCATGGACCGAGAGAGTGACGGAAATCGCACCGCTAACTCAGAGGATTCAGATGAGGGGCAGGACCCTCAGGAGTCACCTATACCACAACTGAATCACGTGTCTTTACTCAAGCAGGATCACACGCCCGTCCCAAAGACCAAAGACGCCTCCTACGACATTATCGTGTATGCCGAGCTGGGGCCTAATGCAGAGAGCCGATTTCAAAGGTAGTCAATTGCCCAATCTCCCTCAAAAACAACAACAACCCGGAGGAGGACGAAAAGAGAGGATTACCAGTGCAAGGTGTGCGGCGGAGCCTTCAATAGAGTGAGCCACCCCTGACAGTGCACTACAGAATCCACACAGGGGAAAAAACTTTTTTTCAATGTCATCTGTGTAATTATGCCTGTCAGAGGCACGACCTTTTGGGGAGGGTCATCTCCGCACTCCCATGTTTCTCAACAACAACAACGGAGGAGGGAGGAAATGAGTGAGATGGGAGTACAGTGTATTACCTAGGGAAGTGTTTGACTTGAAAGGTCCGAGACGCCAGCTCCCCCCTCTGTTGTCACGGCGCCGCTCCCACCGCCTTGCGGCTCTCGCGCACATCTGCCCCCTCCTGTGCCCGGTGGGAA
read74	TTTTCCAGTGTAATCAGTGTTGGGGACTCTTTTACTCGAAAGGTGACCACCTCCGGCACATTAAACTGACACAGGGGAGAAACCTTTTTTCAAGTGTTATCTGTGGTAATTATGCCCCTGTCAGAGGCGCGACGCTTTGACGGGTCATCTCCCCACTCGCATCTCTCTCCAAAACAAAAAACAAGGCGGAGGAGGAAAAGAGAGAGATCATTGTCACAGACTCCCCGGATCTTATGATTCCACGTCTCAGACTCACTCTATCCAGGGGGATTCAGTTTAGGCGACCACACACAGTAGCACCGTGGCCTCCCGCATATCCTCCGATGACTAGCTACCCCCACTTAGTCAACCGGATTTGATGCCGATACCCAGGACCCTCAACCTTTGGGCGGCAGTCACCGGACGCCCAGCTCTCGGAGGGATAGCGATGGAGCCACAGCGCGGCGTCATACGAAGACGAGGAGCCCGCTGCGAGGATGGCCGATGAGGACGAAGATGACTACCACAATCCAGGATACCTCGTTGTTGTGCCAATAGTACCCCAGAACGAGTACAGCAGCACCCCCTTAAGCGCCCCGGCCCTTACACCCCGCCGGGCATTAGGGGAGACAGTGCCTTCAGCATGGAAAGTATAGACGGACTATGTCCCAACGTCCCAGATCTGGGGAGTCAGCTGGGGAGGCTTTATTGGACGAAGCCGCGAATATGTAAATGTTTCCCAGGAACTTCATCCAGGGGGGCCAGGACCGACCAGCTGCATTGTCCTCTCAGGAAGCGGAGGAGGCAGAGGAGGAGGGTGCCCCAGACTATGAAAATCTGCAGGAAAGTTGAAATTCTCTCTCAACAACAACAACGGAGGAGGAGGAAAAGAAAGAGATCGGAAACGTGGCAAAATGAGAAATTGGGGGGCCTTGGTGCGGGGGGGGACACGAGTATGAAGCCCCCGGGAAAATGTTTATGAAGGACCAACCTGGATGACTGTTCAATGTACGAAGACATTTTAGCAGAGGGCTCCAGGGGACATACCAAGACGTTGGCAGCCTTAACCCCATAGGGGAAACGTTTTCACTTGAAAAGAAGCCCCC
read75	TTCAATGCCTTAATGGTTCATAAACGAAGCCATACTGGTGACCGCCCATTCCAGTGCCTACCTGCGGCCTGGTGAAAATCAAGGGAGGGGAAAAAGCTACTGGAAGTGACACATGGTAATCCAACACAGGGGAAAACCTTTTAATGTCACCTCTGCAACTAAAATGCATGCCAACGAAGAGCTGCGCTCAGCTTTTCTCTCAACAACAACAACGGAGGATAAAGGAACAGAAGAGATAGGAAGGAGCTGAAGAGGAAAAATAAATGGGATCTGGGATCAGTTTGGACAGTGGTCACGAGAAGAAAGTATATCTTCTCTGCAAGAAGATCGGCATTTGGAAGAAGATCTCAAGTGTCAGGAACAGAAAGAAGACAGTTGCGAGAGGGGGGGGTCCAAAATGGGAGGAACCGCAAGGCGGTAAGGATCTCTCTTCAACAACAACAACGGAGGAGGAGGAAAAGAGAGAGATGGGAGTACAGTGTATTACCAAGGGAAGTGTTTGACTTGGGGGAAAGGGCCGAGACCCAGCAACCTGCTGTTGTCCCGGCGCCGCTCCCACCGGGGCCCTGCGGCTCTAGCGCACATCTTTGCTCCCTCCCCTGTGCCCGGTGGA
read76	AAAAGAAAAAAAAAGCAAAGAAGCCGGAGAACGATTGAGGAGCTGGAAACCCGAGGGCACGAGTCGCAACTAGGAAAGAGGCCGCAAACCGCACCAAATCCCAGCGTCAACGCCACAAAAACCGTGCGACATCTCAACACCCACCTTCCCCTCCCGGATATAGAAGCCAGGCCCCTTTAGTCGTTGACCTCCACCTCCCGGCGATCGGGTCCAAGACAGCCGCAAAAACCCGGCCTCTGCTCCTTCCGGGACTCAAGTTCTCAACAAAAAAAGGACCTCCTTTGCCTAGGCCCCAGGGTACAGCCCAAACCTCCCGACGGCGCGGCTGAAAATTTAACTGAGTTCCGTCTTCCAACATCTCCTCAACAACGACAAAACGGAGGGGAGGAAAAGAGGAGACTACAGATGCAGAGCCAGCGCAGATCTGGCAGCAGACTGAGCACACTAATCCAGCACCAGAAGGTGCCCCACAGGGGAAAAAAACCTTTCAAGTGTCCCCATCTGTGTAATTTATGCCTGTCAGAGGCGCGACGCTTTGACGGGTCATCTCCGCACTCACATCTCTCTCAACAACAACAACGGAGGGGAGGAAAAGAGCGGGATAAGAAAGTACTTCTTCAAGAAGGAGGTGGGGCAGGGGCCAACTCTCTGTGAGCTTCAGTTTACTTCAAAAAATCAATGCAAGCAAAACGCCGTAGAAAAGGAGGTTCAAGCCGAGGATAATATATACATCGAAACAGACCCCTGTATGCCACCGAC
read77	AATAAGAACTTCTTCAGAAGGAGGGGTGCAGAAACTCTCTGTGAGCTTTCAGTCCGCTTCAAATAAGGCAATGCAAAACGCCGTAGCAAAGGAGGTTCAAGCCCAGGACAATATATCCATTCGAAACCAGCCTGTATGCCACTAACATCTCTCTCAACACAACGACGGAGGAGGAGGAAAAGAAAGAGATTGCTGGCTGACCAAGATGAAGTACAGTTCAAGCGTCCACGATCCCCAATGGCGAGTTATGTTCATGCGAGCGGTCAAACCGCGAAAAGAAATCCGCCTCACCGACGTGACCCTGATCTCTTTTCTCAACAAGAACAACGGAGAGGAGGAAAAGAGAGAGATTACAGATGCAGAGCCTGCGGCAAAAGAGCCTGCAGCAGACCGAGCACACTGATCCAGCCCACCAGAATGTTTGCACACAGGGGAAAAACCTTTCAAGTGTCATCTGTGTAATTTAAATGCCTTTTGGTCAAATGCGCGACGCTTTGACGGGTCTCTCCGCACTCAC
read78	TTCAAAAGTCTTTTAAATGGTTCATACGCGAAAAAGCCATACTGCTGACCGCCCATTCGTGAGCCCAAGATTCGGCAGAGGCTTCATCCAGCCTAGAGCCTGGCCCGACCCACCTGAGGACTGCACACAGGGAAAAACCTTTTTTAAGTGTCACTCTGCCCCAACATGCATGCAAAAGAAGATATGCGCTCATCTCTCTCAACAAAAACAACAACGGAGAAGGAGGAAAAGAGAGAGATCAAAGAGCCCTGGTCCTGAGGAGGAAAGAAAGCGAATGTTTTCTGATCCGACCAGGAGATTCTTCAAAGTGACGCTCCCCCAGGAAGCGGGCCCAGAACCAGGACGGGAACGTGCTGTTTCTCTTTTCCCCACACCCACCTCAGGCTTCGGAGCGCCCAGCGTTGGGCCGCAGGCTGGGGGGCAATGCCCCTCTTATGGAAAACCCCCCGAGCAGCGACGTCCAGGCGGATGGAGCCTGGGTCCCGGAGCCCGCCGGGAGTGGGGCCCAGAAGAAGAAAGGAAGGGGGGGAGGGCTATGACGAACCTGACAGTGGGAGGAAGACTCCGAGTCTATGGAACGACTCCAACCTTTGGGCAGGACGAGCTCTCCCAGGATGGCAGCGGCTACGAGAACCCTAAGGATGACCCCCTGGGTCCTGAGGGGAGGAAGAAACTCCTTCTCTAACGCTGAGTCTTATGAGAACGAGGATGAAGAGCTGACCCAGCCGGTCGCCAGGACAATTGGACTTCCTGAGCCTCATGGGTCAGCCTGGGACCCCCGCGGGAAGCAACCTCCCTGGCAGGGACCAGTCCTATGAGGATATGAGAGGAATCCCGTATGCAGCCCCCCAAGCTCCGCTTCATTCGGGGCCAAGCCGGACCCAATCATGAAAGGAAGATGCAGACTCTTATGAGTAACCCATGGATAATCCCGAAAATGGGGGGCCAGACCCAGCCTGGGGAGGAGGGGGACGCATGGGCACCTGGAGAACCAGGATCTTTCTCAAAAACAAAACAACAACGGAGGAAACGAGGAAAAGATAGCGATGCACTCTCTCCTCAGCCGGGATCAACGACTCCCGCCTGACGCCTACAAACCACCCGGTGGAGATTCCTTTCGCCACACCGCTCCAGGAAGAACGGAAGACGCTCATTCTACTCTCGCAAAAATC
read79	CGGAACGGAGGCAAATGAGAAATTAGGCCTTGATGCGGGCGACGAGTATGAAGACGGGAAAAACTTCATGAAAGACTCAACCTGGATGACTATTCAATGTACGAAGACATTAGCAGAGGACGCCAGGGGACATACCAGGACGTTGCAGCCTTTTTAACTAGGGGACGTTCGGTTGGAGAAGCCTATCTCTCTCAACAACAACCACGGAAAAGGAGGATGAAAAGAAAAGAGAGATCTGCAGTGCGTGGTGTGCGGCTTCCAGTGCAGACAGAGAGCCAGCCTGAAGTACCCCATGAAAAAGCGCACAGGGGAAAAACCTTTCAAGTGTCATCTGTGTAATTATGCCCTGTCAGAGGCCCGCGACGCATTGAAAACGGGTCATCTCCGCACTCACATCTCTCTCAACAACAACACCGGAGGAGGAGGCAAAAAAGAGGAATAAAAAAAGAGAATTAAACCGATAGTATGGCCATACTGCCGGACCATAAAAAGACGCTGGAGGATCTGGGTGCCCCAAGAAGCCGCGAAAAAGAACCTGAACGTAAGTCTCAATCCCAGAGTCCTTCCTGGACTGCCAAATCCCACGAGTAAACGACATCCCAGGCCGAGGGACGAAAAGTCGAAGGGTTTTTCCTTCAAGGCACATTTTTTCCTCAACGTTGGAAGAGCCAGAAAAACAGAGGCTTGGGCGCGATGTCAATCGCCTAACTGTCCATCTGAAGATGTCGTAATTACGCCTGAGAGTTTTTTTGGCAAAGATAAAGTTCCCTTACTTGCCCCCTCGCTGGCAATGTTTTGAGGCAAGTGACGCCCGTATCCTATTCATCCAGAGCATCGATTGCAGAGAGAGTGGAAAGAACGGCCCGCACGTTTATCAAGATTTGCTCCTCAATCTCGGCAAAACAACGAATTCCACCGCTTCCACCTCCTTATTCTCTCCAAAGCGGAAGCCTGACATTGTATCCGTTGCGCCCAATGGCAGCCTATCCTGACAAGTTTGGGGGGAAGCAATCAGGAGGAAGCGTAAATGTTGCTATGAGCAGTTCTACAAAAATCAG
read80	GCACTCTAAAATCAACCTCAGACGGGATCAACGACTCCCGCCTGACGCCCACAAACCACCTGGTTTGGAGGTTCCTTTCGCCCCCCAAAACAGTTTCAGGAAGAAAAAGAGGCCTCGCTCGTTCTACTCTCGCAAAAATCCATCTCTGTTCAACAACAACACGGAGGAGGAGGAAAAGAGAGAGATCATAGGTGGTGCAGCAACAAAGAAGAATGCAGGGCAGTGATGGAACAGGAAAGTGCAGGCAATAGAACGGCAAATAGCGAGGATTCGATCAGCAAGATCCTCAGGAGGTCGCTTACACGCAACTGAAACCACCTGCGTTTTCCCCACACAGCGAGAAATAACACGACCCCCCTCACAACGCCCAATACTCTTCCCACTGCATAAAAATAGTATATTTACAGAACCCCAAATGCTGAGTCACGATCAAGGTGGTAAGCTGCCCCATCTCTCTCAACATCAACAACGGAGGGGAGGAAAAGAGAGAGATCTCAATGTCTTAATGGTTCATAAGCTAAGCCATACTGTTAACGCCCATTATGTGCCCTAATGCGGCAGTGGCATCAGCCAGCCTAAGAGCCTGGCAGACACCCTGAGACTGCACACAGGGGCAAAACCTTTTTTTTTAAGTGTCACCTCTGCATCTATGCATGCCAAAGAAGAGATGCGCTC
read81	TACCTGGACTGCCCTGGTATTTCGAATGGTCTGTCAGTGGACACAGACACGACGAAGGCTCGAATATTCCCCACTCGAAGAATTGCCCAAAATGGATCTGCAATTCATGCTTTTATTACTTCCTCCGAACACGCCTCTTTTGCATGTGTCAAATCAGAGCCCTTGTTCCTTACTTTTTGGAGAAAGAAGATATACAAATCTGTCTACATGAAAGAAATTGTTCCAGGAAAAAGTATCGTCGAGGACATAATTAACTGTATCGAGAAATCTTACAAATCCATTTTCGTTTTGTCTCCCAATTTCGTCCAAAAGCGGGGAGTGGTGCCACTATGAGCTTTACTTTGCCCATCATAACTTGTTGCAGAAGGGGAAAGGGCAACAACCTCATTTTTGATCCTGCTTGAGCCCATTCCCCAAACTCAATCCCTAATTTTAAGTAAATCACAAACTGAAAGCCCTGATGACACAACGAAAGTATCCTCAGTGGCCGGAAGGGGAGGAATAAAAACGGGGGCTGTTCTGGGCGAAACATTCCGGGCTGCGTTTAATATGAAAATGACTCTGGACACTGAATATAACGACGTTAAGTAAATCTCTCTCAACAACAACCCCAACGGGGAGGAGGAAAAGAGAGAGATTTCAATGTCTTAATGGTTCATAAGCGAAGCCATACTGGTGAACGCCCATTCAGTGCAACCAAAAGTGCGGCGCCAGCTTCACACAGAAGTGCAACCTTCTGAGACACATCAAGCTGGGACACAGGGAAAAACCTTTTAAGGGTCACCTCTGGGGCCACTACGCATGCTAAAGAAGAGATGCGCTCTCTCTCTTTTCAACAACAACAAAAACGGAGGAGGAGGAAAAGAGAGAGATATGGGCTGTATCAGAGAGAAGCAGGGAGAAAACCAGCGGGGAAAAGATGAGCGAGTTCCACAACTACAACCTGGACCTGAAGAAGTCCGACTTCAGCACCCGTTGCCAGAAACAGAGATGCCCCCTGGTCAAGCGCAAGTGCATAGTGGGAATGCCAGC
read82	AGCGGGGAACGCAAGAAGTTGCTCTATATTTTCAAGCAGCCTTTTATGAGACCCGTCCAACGAACATAAAAGAGGATGGTTGCTCTTGCCGATTTCCAAAGGATGAAGAAGAGGTTACGAACTGATCTCTCTCAACAACAACAACGGAGGAGGAGGAAAAGAGAGAGATTTGCAGGGGTGCGAAACATGCGGCTTTACCTGCGCCAGAAAGGTAACCTCCTCCGCCAGATTAACCTGCACACACGGGAAAAACCTTTTTCAAGTGTCATCAAAAGTGTAATTATGCCCTGTCAGAGGCGCGGACGCTTTGACGGGTCGGCCCTCCCGCCTCACATCTCTCCTCAACAACAACAATGGAGGAGGAGGAAAAGAGAGAGATACATACACGTACAGACACTTTTTTGGGCTCACAAACCACTTGTACTGCGGATGAAGCTGGAATGGGAGCCACTACACCCCCAACCCTCGCTACGCATCTTTCACCCCTGACAGCGCCCATACGCTTCTCGCTCCACCTGACTCCCCTTCTGAAAAAATCTGTACCGTCCAGCTTGTTGGTAATTGTGGACGCCAGGATACCCCAGAAACCCCTCAGGAGGCATTGTGCCCATAGGTGACTTTTTGGTCATGGCATCCAGTTGCCTAGTAGGGCGCTCGGCCCCGCGGATGCACCCCGACATTTCACCCGAGAATCCACAGGCTCCCCCGCTATGAGGCTTCCAACCACCCCGGCCCCAACGTTACGCGTGATGGTGCGGTCCCAGCTCGGAGGTTGAAGGAGTTCGTCCGCACCTTGGACACCGAGAGGCCTGAGATAGAGGCTGACGAAATGGACAAGGTAGATTTCGAGAACAGCAGTACGAGATGTTTGAATAGGTGGCCGGCAGCAGCAACACGCCGGGGATTGGGAGCGGTATTGCGGCACTTGAGCGCATGGGACTGATGGGGTTGTTTTGTAGAAGACCTTCGATCCCGATTGCATAGAGGACCA
read83	TTCGCCTGCGTGATCTGCGGCAGAAGGTTCAGAAACAGAGGCATTGATGCAGAACACCTGAAGAACCACACAGGGGGGGAAAAACGGTTTCATGTGTCATTTGTGTAATTATGGCTGTCAGAGGCGCCCTACGCTTTGACGGGTCCTCTCCGCACTCACATCTCTCTCAACAACAACAACGGAGGAGGAGGAAAAGAGAGAGATCGCTCTAACGAGAATAGTGAGTTTCTACAAATTCATACGCCTCCCAGACTAAAGTTTATTCAACCAAGTCACAATCAGGGAGGAGCAAAAATACAACGAATGTGCACGACACACATCGGAATGCTCATCATGAGGAGAGCATTGAGGAGCCCCCGAACAACATACGAGCGAGACTGATTCTTGTTGCCAACTTGTCTTGCTGTAATGAAGAAAAAAAAAAAAACGGGGTAGCTTACGACGGCCCGCACGAAAACACGATCCCAAACGAAGTATGGAGGGGCCAATACGCTGACGTGGTAGGGGGAACATCGCAAAAAGAGGTTATGAGGATAATGTAGAACATATGGGACTACTCTGAACCCCAATAACCCCGAATTTCAACTACTACTCCGGCCCTTATTCTTGAGGAAGTAGACGAGGTTTTCTATAATGAGCTGGAAAATCAATATCAAACGGACTTATTCTCGAGACCTGGACCACAATGAATACATCACCTGAATGAGCTTAACATCATAGAAAAATACGATGGCTTGAGATCTCTCTCGACAACCCACAACGGAGGAGGAGGAAAAGAAAAGAGGGATATCAAGTTTCGGGGCTTTTTTCTTCATCAGCTATTAAACCGCCCAGAGGCTCGTGTTTAAGGACCACCCCCAAGTACTGAGCGAGATATGTATAAATACGATGCCTACTTGTGTTGCAGTAGTAAAGACTTCACGTGGGTTCAGAACCCGCACTTCTGAAACATCTGGACACCCCCAGTATTCTGCTGAAAATCGGTTTAACCTCTCCTTCGAGGTACGCGATTTTGTCCCTGGCGAAAATCGCATAGCCAATATCCGAGACGCAATCTGGAAAAATAGCCGGAAAATAGGTCTGCCTCGTTTCCCGACATTCCTGAGAAGATCGCTGGTGTTTGGAAGCTTTCTGTTACGCACAGGGTCGGTGTCTTCCTGACCTCAACAGTGCTCTGATATGGTGGTGGTCGGGGGTCTATCACAGTATGAGTTTAAAGAAGCATCAGTCTTATCAAACGATTCGTACAGAAACAACAATAATTGCGATTTTTTTTTTTTGGCCCGATGACTTCCAGGACGCGGTTGGTTACTTCATAAGCTGAGCCAGCAGATATGAAGAAAGAAAAGGAAAAAAAGAAAAAGACAAATAAATTTCCCCTTCAGACTGTGGCTACGATTTTAGC
read84	AGACTCTTCAAGCGGAGCAGTCCGAATCTTTTTCGAGAGTAGCGGCCTCAACACGTTTACAAGAATCCTTACGCGGCTTCAAAGAAACGATATACACCTACATTATGGGCTAGCCGAAACACTCAACCTGCGGAATCCCGGATATACAACAGTACTTCAATCAAAAGGTACTCCCATCAAAAAGAGGAGCCTGTTAATACCGGTTGGGTTCTGAAGTGCAATTCGCAGATATACTGGGGAAAGCCAGTACCCAAGATAGGAAGCCTCCAGGCACCAGCTTTTCTTACGAAATTGTTATCATCTCTCTCAACAACGACAACGGAGGAGGAGGAAAAGAGAGAGATTTCCAGTGCCCCTATCTGCGGCCCTGGTGATCAAGAGAAAGAGCCACTGGGGGAACAGACAAAACATAGTGATCCACAAAACAGGGGAAACACCTTTCAAGTGTCATTGTTAAAATTATGCCTGTCCAGAGGCGCGACGCTTTGACGGAAAATCATCTCCGCACTCACATCTCTCTCAAAAACAACAACAACGGAGGAGGAGGAAAAGAGAGAGATCATCTCTGGGCCCTATCGGAGGCACGACCAAGGCTGAGGTTCATTGAAGCGTTCTACAAG
read85	CTGCAGTTTTCGAGATCTGCTGCTTCACTTGCAGACAGAAGGCTAGCCTGAACTAAGCACATGGGGAAGCAGCGCAGTTTGGGGAAAAACCTTTCAAGTGTCATCTTTGTAATTATGCCTGTCAGAGGCCCCGCGGGACGCTTTGACGGGTCATCTCCGCACTCACATTTCTCTCAGCAACAAGAACGGAGGAGGAGGAAAGAAAGAGAGATGAGATGGTGGCCAAAAGCCGACTAACAAGGCCCCGCACACTAAACAAGAGCCGCAAGAGATAAATTTCCCAGACGATTTTTGCCTGGGAGCAACACGGGGCGGCCCCGGTGTAAGAGACACTGCACGGGTGTCCCCAACCCGTCACCCAAGAAGACGGAAAGGAAAGTTCGGACTCCGTCCAGGAGCGACAGATCTTTTCTCTCAACAAAGAACAACGGGGAGGAGGAGGAAAAGAGAGAGGTAAGTGCAACGGAGATGGATACGCACCCCCCCCCAAAGTCAACAGGATTGCAAGAAAATAGTCGGCCAGAGTTTCTTCGTACGGAACCAAAAGGTCGACGGGCAACCGCTCTCTGAAGGGCTTCAAAACTCTTTGGGTTGCTAACAATCCTATAATGGAGGATGGAATTAGTTAACAACTTCAGATTTCCAGGATGAATATCCCCCGAAAAGGAAACGCCGGGTCCCTAGCGAGATGCAGAGACCCCCCCCAGACTGCGTGGATACAGTAACGTATAGTGCCCTCCAAAACGGCAAGTCGGCGACTATGAAAACGTAATCCCTGATTTTTTTCCTGAAGACGAGGGAATTCATTATATGAACTGATACAATTCGGTGTTGGAGAACGACCTCAGGCACAAGAGAACGGGGACTACGGTCATCCTCAAGCA
read86	CTGCACTGCGAGATCTGCGCCTTAACCCCTTGCAGACAGAAGGCAAGCCTGAACTGGCACATGAAGGACCACACAGGGGGGAAAAAGCTTTCAAGTGTCACTGTGTAATTATGCTGTCCCATAGGCGCGACGCTTTGACGGGGGGTCATCTCCGCATCACATCTCTCTCAGCAACACCACGGTGGAGTAGGGGGAAAAGAGGAGAGATAGGTTGAAAAAGATTCAGGTCCGCAAAGCGGCAAAATAACGAGTGCGAAAAGTCCGACGGGGGCGTTTATACGGGTCTTAGCACCTGGATCCAAGAGACCTATGAAACATTGAAACATGAAAAACGGCCCCCAAATCTCTCTCAACTACAACAACGGAGGAGGAGGAAAAGAAAGATTCAAGTGGTACAGCCACTCAAAAAAAGAGAAGTTCAAAAAATCTGTCACTTATCAGCTTGCTAATCTTCCACCATCCGGGCTTGCAAATGCTATGGCCGAAGGACTCAAAAGAAGTGAAGAGAAACATATATACCCGATCGAAGAAAATTTGTGTATGAAGTGGAAAGCCGAACGAAATTACCCCTGCTGTGTTAGTTCCCGCCAGCAGCCCTCTCAGCCACTCGGATGTCGCTTCGCCATGCCT
read87	AAAAAGAAAGAATTTAAACCGATAGTATGGGGCCCCATCACTGCCGGACCCATAAAAAGACGCTGAGCATCAGTGCTAAAAGCCGCGAAAGACCCCGAACGTAAGTTTCAATCCAGAGTCCTTCCTGGACTGCCCCCAAAGCCATCGAGTAGACGACATCCAGGCGAGGGGACGAGTCGAAGGGGTTCCTTAAGACACGTTTCATCAACAGTTGGAAGAGGCAGAAAAACAGAGGCTTGGCGGCGATGTCCAAAATCAAACCTTACTGTCCATCTGAATATGTCGTAATTCGGGGCTGAGAGTTTTGGCAGTTATGTTCCCTTACTTGCCTCGCTGCAATGTGACCGCATGTGACTCCCCTTTCCTGTGTTCATCCAGGAGCCTCGATAGCAGAGAGTGTGGAAAAAGAACGGCCCGCACGTTTATCAAGATTTGCTCCTCAGGTCTTGGCCACCACGAATTTCCACGCCTTCCACCCCTCCTCTTTCTCTCCAAAGCGGAATCCTCCCATCGAATCCCGTTGGCAGGGCAGCCTATCCTGACAAGTTTGGGGAGCAATCAGGAGGAAGCGTCTGTTACCATGAGCAGTTTCTACCAAAATCGATCTCCTCAACAACAAACAACGGAGGAGGATGAAAAGAGAGAGATCACGAGTGCCCAAGCTGTGCGGCGCCAGCTTCAGACCGAAGGGCAGCCCTGATCAGACACCACAGAGGACACACAGGGGGAAAAACATTTCAAGTGTCATCTGTGTAATTATGGCCTGTCAGACGCGCGACGCTTTGGCGGGTCATCTCCCGCACTCCCATCTCTCTCAACAACACCAACGGAGGAGGAGGAAAAAAAGAGAGAGATTTCAAGGGTACAGCCACTCAAAAAGAAGATTCAAAATCAAGTCACTCATCAGCTTGCTAATCTTCCACCTCCGGCTTGCAAAATGCTGTGGCGTAGGAATCAAGGTGAAGAGAACATATATACGAATCGAGAAAAAAATGTGTATGAAGTGGAACAGCCGAACGAATTTTATTACTGCTATGTTAGTTCCCGCCAGCAGCCCTCCCAGCAACTCGGATGTCGCTTTGCCATGCCT
read88	TTCAATGTCTTAAATGGTTCATAAGCGAAGCCATACTGGTGAACCCCATTTGCCTGGCGTGATCTGCGGAAGAATGTTCAGAAACAGAGCCTTATCCAGAGGCACCTGAACAACCACATAGGGAAAAACCTTTTAAGTGTCACTCTCAACTATGCATGCCAAAGAAGAGATTCGCTCATTCTCTCTCACAACAACAACGGAGGAGGAGAAAAAAGAGAGATAAGGCCAACATTAGAATAGACTCGGGGACAGGAAAGATCACAAGTTCAAGTTTTTTTTTTTTGGAGAAAGGATTTTCCTCAAGACAAAATCTCTCTTTCAACAACAACAACGGAGGAGGAGGAAAAGAGAGAGATAATTGTCGAAACAAGGGCCGTGGTTGAAAAAGAATGTGGGGTGAAAGTGGCTATACTCCGGACCAAGTAAATTTTTTAGTCAGCTTTCCTCAGAGCACGGCGGCGACCGTTCAAAGAATGGCTCTCTTCCCCATTTCCCTCCTCCAGCCTCTCACCGGGTGGCCTCGCCCCCGAAATCTCCCCTCTTGAAGTCCTGGAACGAGACAATGTCACTCAACTCCTGTTTGCAACAGGACAAGGACCCCGAACCCGCACTTTTCTTTCTTCCAAAATCATAGCCTTACAACTGCTTCACCCCGAATCAGGGATACCTCTTCTTTCATCTGCCAGATGCATTCGAAATAGTGCGTGCGAAGTTTACTTTTTACATATGATCCATACTCCGAAGAAGACCCAGACGTGGGGGTAGCCGGGAGCCCCTACTGGGGTTCATCACCTCAGCCGCTTCAGCCACTCAGCGGGGAATATTACGCCTACTCCACATTTCCAAGTCGGGGGGATGACCTCCCTTCTCTTTTCCCAAGCCTCCTGGGAAGGACCTTTCCCCACCATCTAAACGGCCCCGGGTGGCTCCTGGCGCAGGGCAAGAACGCATGGCGCCGGGTTGCAGGAGAAGTTCCTCGGGATTGGGACCCTCAAAGCCACTGGGTCCACTGACCAGGTGTTCCGGGGACCTTGTAGATTTCCAGCCACCTTCCAGAGCTCGTCCTGAGGGAGGCAAGTGAGGGAAGTGCCAGATGCCGGTCCGCGGCAAGGCGTATCTTTACCCTGCAGTCGAAAACCACCCGGTCAGGGTGAGTTTTTTCGGGCCCTGAACGCCCGCCTCCCCCTCAAAACACCGATGCCAACTTAGCCTGCACGAATTGCAGGGCCAAGACCCCGACCACCTTGTC
read89	CACGCAGGGCGTGCAGGAAACGAATAAGGCAAAAATTGCTTTTTTGTGATTTATCCTGTGCAAACTTCTCGGCCATAACTCGAACTCGTCCCGGACTCACGGCCCAGACGGTCTTCACCTCAACTGAAAGCGGGGCCTCCGTAGCAGAGCCTGTAGCCGAGGAAAGAGGTCTTATGTTTCCCAGCCGTTGATGGAGACGTGTCACAGTGTCGGCGCCGTTACCTCGAGTCTCTCCCACTTCAAAAGATGCGGCACCGGCAGGGGGGCCCGAGTAGCCCAAGACCTGGCCCGAACCGCGCCCGTATCAACCGAACATACCAACAACAAGATTGAGAAAAAAAATTACATTTGAAAGCGGATACAGTAATAGTCGGAACCGTCACAGCCGAGCTTCCCGAAGGGCGGGCCTGGCAGGGGGCCCGGGGCAGAACCCGAACCCCTGGAGGGGAACTCGAGGCTGACCAACTCTACAGTATCCTGAACAAGAAACTGAACCTCCACGGGGTAGTGGTTCCGACGTAATGCTTAGCGTTGAAGAGGAGGGCAAAGAAGACCACTGCCAACGGCTGCCTCAAAGGCAAAATCTCTCTCAAAACAACAATGGAGGAGGAGGAAAAGAGAGACATCTACGACACAGGCGCCAATGTAAACACTTGAAAACCCAGCACTCAACGAAAAGCGGATATCAGCACCCAGCGGGAGCGGGTCAGACCCGAGCCAACTGACAGGGGGGTCTCAGTGGAGATCCTCTCCAGCGGCTGACGCGCAGGGCAAGAGAACCTGTATGCCGCTGTAAAACATACCCAGCCTGAGGACGGGTGTTCGAGATGGATACTCGCCACCAATGATTAAGATCCGCAAGCCGTTACACATGCAGAGGTAAACATTCCTCGCCCCCCAAGAAAAGCGAGATGGCAAGTCCTCCGTCCCCCCTGAGGCGGAGAGTTTCTAGATACCACAGAAAGACAGGCCGAGGAAGATCGCCAGATGATGCTGAGGCCGCCCAACAGAGGCTCCGCAAGACGTGACCTACGCACAGCCCCCACTCTCTCACCTTGCGAAAAAAAGAGGCCACCAACCCCCGCCCTCCCAAGAGGACCAAGCCCTGCCGTATCCAGCATATTTTATTGCAACCCTTCGATACATATCTTCTTCTCAACAACAATAACGGAGGAGGAGGAAAAGAGAGGGGGGATTTTCAATGTCTTAATGGTTTTCATAAGCGAAGCCAGACTGGGAACGCCCATTCCAATGCCCTATCTGCGGGGGCCTTTTCGTGTCAAAAGAAAGAGCTACTGGAAGAGACACATGGTGATGCACACAGGGGAAAAACCTTTTAAGTGTCACCTCTGCAACTATGCATGCCAAAGAAGAGATGCGCTC
read90	CATCTGTACTGCTGTGACGTGTGGTAAACATTTATCTCTTCTATAAGGCAAAAATCAGGGGCTACCAGGCGCTTGCTTAGCCCCGTTTGTTGCTATGACGCTTTTATCGTGTACGATACGAAAGATCCTGCGGTCACTGAGTGGGTTTTCTTGCAGAACTTGTAGAAAATTGGAGAACCCGCGCGAAAAGCACTTTAAATTTGTGCTTTTTCGGGGAAGAGCGGGATGGGTTGCCCGGTCTGCCTTGCTTGAAAAAAACCTGAGTCAAAGTATTCATTGTCTAAAAAGACGGTCTTCGTTATGACTGATAAGTACGCCAAAACTGAGAATTTTAAGGTTGCGTTTATCTGAGCCACCAGAGACTCATGGATGAGAGGTAGACGTGATTATCCTGATTTCTTTGGAGAAACCCCCCTTCCAAAAGTCTAAATTTCTCCAGCTCCGCAAAAGGCTGTGTGCAGTTCTGTGTTGGAATGGCCGACAAAAAAACCTCAGGCACAATCCGTATTTCTGGCATGCCCTTGAAAAATGCCGTCGCAACAGATAATCACGTTGCGTACTCTCAGGTCTTCATGGGGGAGACCGTGATTTCTCTCTCAACAACAACAACGGAGGAGGAGGAAAAGAGAGAGATCAGCGCCGGAAGTGCGGTCAAACAAGGGAGAAAAAAGTCCCGCTGGGAGCCGGCCGAGCCGAGCGCTACTCTTGTCCTCGGGGGAAAAGGGGGCTCAACCATCCCAATTTCCAAGAAGACTACAGGAAGCCGAGCCAGCTTGCTCCCCTCCCATCTCTCTCAACAACAACAACGGAGGAGGAGGAAAAAAGAGAGATTTCAACTGTAAATCAGTGTGGGGGGTCTTTCACTCAGAAAGGTACCGCTCCGCCACCCATAAACTGCAAACAGGGGGGAAAAACCTTTCAAAAAGTGTCATCTGTGTAATTATGCCTGGGGTCAGAGGCGCGACGGTTTTTGACGGGTCATCTCCGCACTCAAAC
read91	AAGCGGGGACGCAAGAAGTTTTTGCTCTAGATTTTCAAGCAGCCTTTTAGAGACCCGTCCAAAAACGACACAAGAAGGGATGGTTGGGCTCTTGCCGATTTACAAGAGGAAGAAGAAGGAGGTTCCGAACTGATCTCTCTCAACAACAACAACGGAGGAGGAGGAAAAGAGAGAGATGGGGCCACGAGGGGTGGCAGGGGTCTCCCCGCGCATCCCCAGACAAAGGCAGACGCTTTCATCCCAAACGATCAACTTTATCAGCCACTGAAGGATGGGGAGGATGATCAATACTCTCATCTTCAGGAAATCAAGTTGCGAGAAATATCTCCCTGAACAACAACAACGGAGAAGGAGGAAAAAAGAGATTTCAATGTCTTAATGCTCATAAGCGAAGCTTTATATTGGTGAACGCCCATTCGCCTGCGTCATCTGTGACAGGAAGTTCAGAAACCCCGAGGCCTGATGCAGAAGCACCTGAAGAACCACACAGGGGAAAAACCTTTTAAGTGTCACTTCCCTGCAAAACTATGAATGCCAAAGAAAAGATGCGCTC
read92	TTCCCGTGCCCTATCCTGCGGCCTGCTATAAAGAGAAAAGCTACTGGAAGAGACACATAGTGATCCACACAGGGGAAAAACCCCTTTCAAGTCTCATCTGTGTAATTATGTCTGTCACAGGCGCGACGCTTTGACGGGTCAAAATCTCCGATCACATCTCTCTCTACACCACAACCGAGGGGGAGGAGGAAAAGAGGGGAGAGATCATTGTCAAAAAAACAGTCAGACTCAAATAAGACTGTTCCGCAGCAGCTTAGAGATTATTATAGTCTTCACGACCTTTGCAACGAAGATTACACACAACGGTCGATTTGGTACATCTCTCTCAACAACAACAACCGAGGAGGAGGAAAAGAGAAGATCACCGGTGGTGCAGTAATCAGAAGAATGCAGCAGTCATGGCCCAAAAGGGGAGTGCCGGAAGTCGCACCGCTAAAACTCAGAAGGATTCAGATGAGCAGGACCCTCAGGAAGTCACCTATTTACACAAAACTGAATCACTGTGTCCTTTACTCTACGCAAGATCCACAGCCCGCCCCAATGACCAAGACCTCCTACAGACATTAACGTGTATGCGAGCTGCCTTTTAATGCAGAGAGCCCCCGTTCAAAAGGTAGTCAGTTGCCCA
read93	ACATACCCCAGGTCAGACACTGTTAGCCTCCACAAACCACTTGTTCCTGCGGGGATGAACCTGTAATGGAGGCGCTGACACCCCCACGCGCTACGCCCCATCCCCTTTCACCCCTCGCCAGCGCCCATACGCTTCTCTCGCCACCTGACCCTCCTGAAAAAATCTGTACCGTCCAGCTCGTTGGTAATAAAAGTGGACGGGCCAGGATACCGAAACTCAGGAGGCATTGTGACCACAGGTGACTTGGTCAGGGGATCAGTTGCCTAGTTTAGGCCGCTCGGCCCCGCGGCTGCACCGACACTTTCACCAGAGGGTCCAACAGGCTCCCCCGCTAATGATGCTTCAACCAGGCCCCAACTTTACGACGTGATGGATGCGGTCCCAGTCGGAGGGGGAAGGAGTTAGGGGCCCCCGCACTTTCTTGGACTCCGAGAGGCTGAAGATCGAGGCTGTCGAAGTGGAGATAGGTAGATTTCGGGACCATCAGTACGAGATGTTGAAAAGGTGGCGGCTGGAGCAACGCCCCGCCGGATTGGGAGCGGTATATGCGGCACTTGAGCGCATGGGTCTGGAGGTTGTGTAGAAGACCTTCGTCCCGATTGCAGAGAGGACCCCCAAGCTCTCCTCAAAAACAACAACAAAACGGAGGAGGAGGAAAAGAGAGAATATCAATGTCTTAATGGTTCTAAGCGAAGCCATACTGGTGAACGCCCATTGCAGTGCGAAATATGCGGATGTACCTGCCGCCAGAAAGGGGGAACCTCCTCCGCCACATTTTAAACTGCACAACAGGGGAAAAACCTTTTAAGTGTCACCTTCAACTATGCATGCCAGAGAAGAAGATGCCCGGTCATCTCTCTCAACAAAACAACGGAGGAGGAGGAAAAAGAGAGAGATCGGAAACGGGGGTGGGGCAAAATGAGAAATTGAGCCTTGATGCGGGAGACGAGTATGAGACGAAAATCTGTATGAAGGACTCAACTTGGTACTTTCAATGTACGAAGACATTAGCAGAGGACTACAGGGGACATACCAGGACGTTGGCAGCATTAGCATAGGGGACGTTCAGTTGGAGAAGCCG
read94	CTTCGCTGCTGTTGCTACAATAAAAAAAACGCTGCCGTTATGGATAAAAAACCTGCTGGAACTTGACCGTAATAGAGAGGACTAAGATGATCAAGATCCCCAGACGTTCCTAGCACAGCTCGATCCCCACTGTGTGTTCACGCAAACCAAGATTACGTCCCCCCGTTTCCCAGAGGCCCAAAACTCCTCCGACCGATACTTACGATGTATTTTTGGAACTTTCCCTTACGCGAAGCCGCGCAGCCTTGAGCCCGGCCATAAGCACCATTCCCAGGTTCTAAAAAGGGGCTCAAGCAGAGAGATACGGCCCTCTCTCAGAATAAAAGAGTAGCCCAAATCCCACGTCCCTGCTGCTGGTATTTCCCTCTCAACAACAACAACGGAGGAGGAGGAAAAGAAGAGAGATCAAAGAGCCCTGGTCCTGAGGAGGTACAGAAAGCGAATGACCGACACCACCAGGACATTCTTCAAAGTGGGGACGCTCCCCCAGGAAGCGGGCCCCAGAACCAGTACGGGAACGTGCTGTCTCTCCCCACACCCACCCCAGGCCTCGGACGCGCCCAGCGATGGGCCGCAGGACTGGGGGGCACTGCCGCGTCTTATTTTGGACACCCGAGCTGCGACGTCCAGCCCCCAGATGTAGCCTTGGGGTCCGGAGCCCGCCGGAGTGGGCCCCCAGAAGAAGACGAAGGTGAGGGGGGCTATGAGGAACCTGACCCTGGGGTGAGGAGGACTCCCCGAGTTCTATGGAAAGACTCCAACCTTGGGGGCAGACCAGCTCTCCCCAGGATGGCAGCGGCTACGAGAACCCTGAGGGGGATGAGACGCTGGGTCCTGAGGATGAAGACTTTTCCTCCTCCAACGCTGAGCTTAAATGGGAGAACGAGGATGAAGAGCTGACCCAGCCCGTCGCCAGACAATGGACTTCCTGAGCCCTCATGGGTCAGCCTGGGACCCCCCAAAAGCGGGAAGCAACCCCTCCCCTGGCAGGGTCCCAAGTGCTATGAGGATATGAGAGGAATCCTGTATGCAGCCCCCCAGCTCCGCTCCATTCGCGCCCCAGCCTGACCCAATCATGAGGGGAAGATGCAGACTCTTATGAGAATATGGATAATCCCGATGGGCCGGGGGACCCAGCCGAGAGGAGGGGGCTGCATGGGCACCTGGAGCACCAGGATCTCGCTCAACAACAACAACGAAGAGGGGAGGAAAAGAGAGAGATCAGCAGTGCGAGATGTGCGGCTTCAAATGCAGACAGAAGGCCAGCCTAAAAACTGGCACCAGAGAAAGCACACAGGGGAAAAACCTTTCAAGTGTCAACTGTGTAGTTATGCCTGTCAGAGCGCGACGCTTTGACGGTGATCTCCGCACTCAC
read95	CAGCGCCGAAAAAAGTACAGGTCATACCCAAGGGGGCGAAAGTCCCGTTGACCTTGCCGAGCCGTGTCACTACCCCTTTGTCCTCGGGAAGAGGGGGCTCATCCATCCCAATCCAAGAAGACTACAGGAAGCCCCCGAGCCAGCTTGTTCTCCCATCTCTCTCAACAACAACAACGTAGGAGGAGGAAAAGAGAGAGATAAAAAGGGAAAAGGGCGGTGTTCAGTTCCCCCCGCCTTCTATAGCTCCTCAGGCCGAGGCACCAGGGGATACTCCCCCCGAACCAACAGCAGGTCATACTTTTATATTCAGGCTTGTCACAGGGATATGAAAAATTGGACACCTCACTGCGGCCTGCTCGGCAGCAACCACACCTAAAACTCCTGCAGTAGCAGTGATTCTAATCTCACACCGAGAAGATGAAGATCGCCCCGCGGGGGTCCACAAAAAGCGATTAGTGGCCGGTACGAGGTGTTTGACCGATGACCCAAGAGGGTGGCAGGGCAGATCCGGCCCCCGAAAGGCGAGCGGACAATACCCCGTTACTCCCCTTATGTCCCCGAAGTCGAGACGTCGAGGTGAAAATACAATGTACGGCCAGGTTTTCAACCTCCAAGGAAAGAGTCCCCCGGGTTAGTCAGAAGGAGGAGGCCCCTAGTGCTACCATATATTGCAGTATAAGGAAGCCGCAGGTTGTCCCGCCGCCGCACCCCGGGGAATCACTTGAAATACCGGAATCTCGTACCTACGAGAATTTTAAAACAATCTCTCTCAACAACAACAACGGAGGAGGAGGAATAGAGAGAGATTACCAGTTTGCAAGATGTGCGGCAGAGCCTTCAAGAGAGTGAGCACCTGACAGTGCACTGCAGGATCCGGGGCACAGGGGAAAAACCTTTCAGGTGTCATCTGTTTTGTTTAATTCTGCCTGTCAGAGGCGCGACGCTTTGACGGGTCACTCCGCACTAC
read96	TTCGCCTGCGTGGGATTTGCGGCAGAAAGTGCAGAAACCCCAGAGCCAGATGCAGAAGCACCTGAAGAACTACAACAGGGGAAAAACCTTTCAAGTGTCATCTGTGTAAATATGCCCCCTGTCCCAGAGGCGCGGCGGGCTTGAACGGGTCATCTCCGCACTCACATCTCTCTCAACAACAACAACGGAGGAGGAGGAAAAGAGAAAGAGATAAGCGCATGGACCGGTGTTCAGTTCCCGCCTTCTGTAGCTCTCAGGGGGCCGAGGAACCAGCCGATTTTACTCCTGAACCACAGCAGGTCACACTTTGTATTCGTCTTGTCACAAAGGGATATGAAAAATTGGACGCCCACAGCGGCTGCTCGGGGCACCAGTCTACACCTACTGCTGACAGTAGCAGTGATTATAATCTCACAAACGAAGAAGATGAAGATCGCCCCCCCGAGGTCCACAAGCCGATTAGTGGCCGGTACGAGGTTGATTTTTTGTCCCTTGTGAAACCCACGAGGTGCAGGCACGGGGATCCGGCCCCGGAGGGGCAAGCGGATATGACCCCGTGACTCCTTTTGTCACCGAAAAAGTCGAGAGCGTCGTAGGTGAAAATACAATGTACGCGCAGGTTTTCAACCTCCAAGGGAAGCCTCCGGTTAGTCAGAAGGAGGGTCTAGTGCTACCATATATTGCAGTATAAGAAAAGCCGCAGGTTGTCCCGCAGCCGCAACAGAAGGACCTTGAAATACCGGAATCTCCTACCTACGATAATTTTACAATCTCTCTCAACATCCCCAACAACGGAGAGGAGGAAAAGAGGAGATAAGCCCTGCAACGGAGATGGAAACGCACCAAAGTCAACAGGGATTGCCAAGAAAAAATAGTTCGGGTCAGCGTTATTTCGTCGGACAAAATGGTCAGACGGGCACCGCTCTCAGATGGGCCTCAATCTTTGGGGGGGTTGCTACAATCCGATGATGTAGGAGGGAATTAGTTATACAACTCTCAGATTTCCCGAGATTTTGAATATCCCCCGAACAGGAGACGCCGAGTCTAGCGAGATGCAGAGACCCCCCCCAGACTGCGACGATAAAACAGTAACGTATAGTGCCTCCATAAAAACGGCCAGTCGGGACCTAGAAAACGTAATCCCTGATTTTCCTGAAGACGAGGGAATTCATTATCTGAACTGATACAATCGGTGTTGGAGAACGACCTCCGGCACAAGAGAACGTGGACACGTCATCCTCAAGCAC
read97	TGAGACGGAAGAGAAAGGAGAAGCAATCCGAAACTTCTCCCAAGGAGTTCCTCACCATTTACCCCGAAGATGTAAAGTACCTGAAAACCAGACGGAATCACGAGCAAGAACAGGGACCTTCCCTGGCGGCGGGTCAATTATCTACACAATGATCCAGAGTCAAAGTTCCTGGTCCCCAACTGCCAGAGCCGGGCGTACACGCATTAAACAGCGTTTCATTCAGCCTAGCCGCAAAAGCGGCAGCAGGAAGACAAAAATCACAGTCCTCATTCAACAGTACAATCTATTAGGTGATTGGCAAGTCTCAACCGAAAGCCCAGAACCCTGCGCGACTTTCCAGGAAGGAACTCGAGGGAACTTCAACCGTGTTTACTCCATCTCTCGCAAAACAACCCCAACGGAGGAGGGGGAAAAGAGACAGATTTCAACGTCTTAATGGGCCATAAGCGAAGCCATACTTGTGAACGCACTTTACAGTGCAACCAGTGCGGCGCCAGCGTCACCAGAAGGGCAACCTGCTGAGACACATCAAGCTGCACACAGGGGAAAAACCTTTTAAGGTCACCTCTGCAACTATGCATCCAAAGAGAGGGATGCGCTCATCTCTGACAACCCCAACAACAACGGAGGAGGAGGAAAAGAGAGAAGATAAGAAGTAAACTTCCTCAAGAAGGAGGTGCAGCACTCTCTGGGAGCTTCAGTTAACTTCAATCGAGGCACTGCAAAACGCCGTAGAATTTAGGAGTTCAAGCCGAGGACAATAAAATATACAATCGAAAACCCAGCCTGTATGCCACCGAC
read98	TTCAATGTCTTAATTTGGTTCATAAGCGAAGACATACTGGTGAACGCCCATTCGTGTGCCTAAATGCGAGAGGTCAGCCAGCCTACGAGCCTGGCCAGGGGACCCCACCTGAGACTGCACCCCACAGGAGAAAAACCTTTTAAGTGCCACCTCTTCAACTATGCATGCCAAAGAAGAGATGCGCTCATTCTCTCTCAACAACAACTACGGAGGAGAAGAAGAAAGAGAGAGATTTCAAGTGGGTACAGCCACTCAAAAGAGAAATTCAAAATCTGTCACTCATAAGTCTTTTTGCTTTATCTTCCACCATTCGGGCTGGCAAATGCTCTGGCCGAGGGGGAATCAGAATTGAAGAGAACGTATATACGATCGAAGAAACTGAGTATGAAGTGGAAGAGCCGAACGAATAAAATTACTGCTATGTTAGTTAAAACCGCCAGCAGCCCTCTCGGCCACTCGGATGTGCTTCGCCACGCCTATCTCTCCCTCAACAACAACAACGGGGAGGAGGGAAAAGAGAGAGATAGGTTGAGGTTCAGGTCCGCAAAGCGGCAAATAACGAGCTTTACGAAAAGGGGTCCGACGGCGTTTATACTGGTCTTAGCACCAGGAACCAAAAGACCTATGAAACAATGAAACATGAAAAACCCCCCCAA
read99	AATTGTCGAAACACAGGGGCCGTCGTTGAAGAAGGTGTGAAGTGCAATACTCCGGACCAAGTAAAAAATTTTTTAGTCAGCATTTTCCTCAGAGCACGGCGGCGACGTTCAAAAATGCCTCTTGCCCATTTCCCTCCTCCAGCTTCTCACCGGGTGGCCTCGCCCCCGAAATCTCCCCTCTTGAAGTCCTGGAGCGAGACAAGGTCCCACCAACCCCTTTTGCAACAGCACAGGTCCCCGAACCCGCATATCTTTCTCCAAAACTATAGCCTTACATCCCTGCTTCACGAATCAGGGAATACTTCTCTTACATCTGCCAGATGCATTGGAAATTTTAGAGGCGTGCCAAGTTTACTTTACATATGATCCATACTCGGAAGAAGACCCTGACGAGGGCGTAGCCGGACCCCTACGGGTTCCCTTTTTCCCCTCAACCGCCTCCCAGCCCCTAGGGGGGGAAGGATGGCGCCTACTGCACATTTCGAAGTCGGGATGACCTCCTTCTCTTTTCCCCCCCAAGCCTCCTGGGAAAACACCGTCTCCGCCATCTACGGCCCCGGGTGGCTCCTGGCGGCAGGGGAAGAACGCATGCCCCCGCCGAGCTTGCAGGAGAGAGTTCCTCGGGATTTGGGCCCCTCAGCAACTGGGTCCACCGACCCCAGGTGTTCCCGACCCCCTTGTAGATTTCCAGCCACCTCGAGAGCTCGTCCTGAGGTAGGCAGGAGAGGAAGTGCGAGATGCCGGTCCGCGGGAAGGGGGCGTATCTTTCCCCTGGAGTCGAAAACCACCCGGTCAGGGTGAGTTTCGGGCCCCGAACGCCCGCCTCCCCCTTTCAATACCCATGCCTACCTTAGCCTGGAAAAATTGCAGGGCCAAGCCCGACCTACCTTGTCATCTCTCTCAAACAACACAACGGAAGGAGGAGGAAAAGAGAGAGAATACACATGCAGAGCCCTGCGGCAGAGCCTGCAGCAGACTGACCACACTGATCCAGCACCCCCAGAAGGTGCACACGGGGAAAAACCTTTCAAGTGTCAGCTGTGTAATTATGCTGTGAGAGGCGCGACGCTTTGACGGGCATCTCCGGCACTCACATCATCTCAACAACAACAACGGAGGCGGGGGAGGAAAAGAGAGAGAATGGAAGGGGGAACTGAAGAGCAAACAGAATGGGAGGTGGGGATCAAGTTTGGACAGTGTCACGAGAAAAAAGCCATATCTTCTCTGCAAGAAGATCGCATTTGGAATAAGAAGCAAGTGTTAGGATCAGAACGAAGAGCCCAGTTTTGCAAGAGGGGGTTTCCATAGGAAGGAAACCGGCAAGGTGCAACG
read100	CTCCAGTGCGAGATCTGCGGCTTCACATGCAGACAGAAGGCCAGCCTGAACTGGGGGAACCAGACAATGCACACCCCAGGGGAAAAAAACCTTTCAAGTTGTCATCTGTCTAATCATGCCTGTCAGAGGCGCGACGCTTTGACGGGTCATCTCCGCACTCACATCTCTCTCAACACCCCCAACCACGGAGGAGAAGGAAAAGAGAGAGATCCAAAACGGACCCGAGAACGAGCTCAGGGCAAGCACTTGGGAGGGGCCGGGGGAGGAGGCTAACACAAGCATTGATCTCTCTTAAAACAACAACAACGGAGGAGGAGGAAAAGAGAGAGGATCTCCGAAACAGGCGCCAAGGTAAACACTGGGGACCAGCACTCAACCCCGAAAAGCGGATTTCCAGCACCAGGGGCAGCGGTCGGACCCGAACCAACAGACAGTGGTCTTCAGTGGAGATCCTCTCTAGCGGCTGACGCGAGGAGAGAACCTGTATGCCGCTGTAAAACATACCCAGCCTGGGACGGTGTCGAGATGGATTTTACTCGCCCTCACCACATTTGAGAAATCCCGCAAGCCCGTTACATATGCAGAGGTAAAACATTCTCCGCCCAAGCCCACAGAGATGGCAAGTCCTCCGTACCCTCTGAGCGGAGAGTTTCTCGATACCTAAGGGATAGACAGGCCGAGGAAATCGCCAGATGCATACTGATGCCGCCGCGCAGAGGCACCTCAAGACGTGACCTACGAACACTCCACTCTCTCACCTTGCGTGAGAGGCGACCGTACCCCCGGGGCCCTCCCAAGAAGGACCAAGCCCTGCCGTACCCAGCATATATGCAACCCCTTGCGCTACAT
